CRUISEJOIN,HAULJOIN,REGION,VESSEL,CRUISE,HAUL,HAUL_TYPE,PERFORMANCE,START_TIME,DURATION,DISTANCE_FISHED,NET_WIDTH,NET_MEASURED,NET_HEIGHT,STRATUM,START_LATITUDE,END_LATITUDE,START_LONGITUDE,END_LONGITUDE,STATIONID,GEAR_DEPTH,BOTTOM_DEPTH,BOTTOM_TYPE,SURFACE_TEMPERATURE,GEAR_TEMPERATURE,WIRE_LENGTH,GEAR,ACCESSORIES,SUBSAMPLE,AUDITJOIN,YEAR
1414142,11363,BS,60,198502,248,3,0.00,9/24/1985 2:00:00 PM,0.5000,2.593,8.009,N,[NULL],[NULL],63.99600,63.99567,-165.02117,-164.96750,[NULL],15,15,0,6.2,7.7,46,39,15,1,11526,1985
1414142,11396,BS,60,198502,281,3,0.00,9/30/1985 8:00:00 AM,0.5000,2.648,8.009,N,[NULL],[NULL],63.66650,63.66600,-164.57183,-164.62683,[NULL],9,9,0,6.5,6.5,46,39,15,1,11650,1985
1414142,11367,BS,60,198502,252,3,0.00,9/25/1985 8:00:00 AM,0.5000,2.667,8.009,N,[NULL],[NULL],64.33400,64.33950,-164.22650,-164.17150,[NULL],11,11,0,6.1,7.8,46,39,15,1,11530,1985
1414142,11328,BS,60,198502,213,3,0.00,9/17/1985 8:00:00 AM,0.5000,2.685,8.009,N,[NULL],[NULL],64.16433,64.17533,-164.99600,-164.94533,[NULL],15,15,0,6.8,8.2,46,39,15,1,11401,1985
1414142,11364,BS,60,198502,249,3,0.00,9/24/1985 4:00:00 PM,0.5000,2.722,8.009,N,[NULL],[NULL],64.00000,64.00100,-164.61150,-164.55533,[NULL],16,16,0,6.3,7.9,46,39,15,1,11527,1985
1414142,11365,BS,60,198502,250,3,0.00,9/24/1985 6:00:00 PM,0.5000,2.741,8.009,N,[NULL],[NULL],64.16900,64.17333,-164.60167,-164.54533,[NULL],13,13,0,7.0,7.9,46,39,15,1,11528,1985
1414142,11380,BS,60,198502,265,3,0.00,9/27/1985 9:00:00 AM,0.5000,2.741,8.009,N,[NULL],[NULL],64.49433,64.51917,-162.23333,-162.23800,[NULL],9,9,0,6.2,7.0,46,39,15,1,11543,1985
1414142,11359,BS,60,198502,244,3,0.00,9/24/1985 7:00:00 AM,0.5000,2.759,8.009,N,[NULL],[NULL],63.66400,63.65850,-165.31200,-165.36850,[NULL],15,15,0,6.6,7.3,46,39,15,1,11522,1985
1414142,11385,BS,60,198502,270,3,0.00,9/28/1985 8:00:00 AM,0.5000,2.759,8.009,N,[NULL],[NULL],64.35017,64.32667,-161.48517,-161.46417,[NULL],7,7,0,6.5,7.4,46,39,15,1,11548,1985
1414142,11333,BS,60,198502,218,3,0.00,9/19/1985 8:00:00 AM,0.5000,2.778,8.009,N,[NULL],[NULL],64.49367,64.50833,-165.74017,-165.76567,[NULL],16,16,0,6.9,8.3,46,39,15,1,11406,1985
1414142,11361,BS,60,198502,246,3,0.00,9/24/1985 11:00:00 AM,0.5000,2.834,8.009,N,[NULL],[NULL],63.99933,63.99900,-165.36050,-165.30400,[NULL],15,15,0,6.0,7.7,46,39,15,1,11524,1985
1414142,11366,BS,60,198502,251,3,0.00,9/24/1985 7:00:00 PM,0.5000,2.852,8.009,N,[NULL],[NULL],64.33333,64.33333,-164.57700,-164.51700,[NULL],13,13,0,6.6,7.9,46,39,15,1,11529,1985
1414142,11397,BS,60,198502,282,3,0.00,9/30/1985 10:00:00 AM,0.5000,2.852,8.009,N,[NULL],[NULL],63.50650,63.48783,-164.95033,-164.99050,[NULL],5,5,0,6.4,6.7,46,39,15,1,11651,1985
1414142,11384,BS,60,198502,269,3,0.00,9/27/1985 3:00:00 PM,0.5000,2.722,10.433,N,[NULL],[NULL],63.84250,63.81967,-162.37317,-162.35183,[NULL],13,13,0,6.4,6.5,60,39,15,1,11547,1985
1414142,11329,BS,60,198502,214,3,0.00,9/17/1985 11:00:00 AM,0.5000,2.778,12.842,N,[NULL],[NULL],64.17933,64.15483,-165.36033,-165.34533,[NULL],15,15,0,7.7,7.7,86,39,15,1,11402,1985
1414142,11381,BS,60,198502,266,3,0.00,9/27/1985 10:00:00 AM,0.4500,2.167,13.147,N,[NULL],[NULL],64.34400,64.32500,-162.26150,-162.27767,[NULL],16,16,0,6.5,6.8,91,39,15,1,11544,1985
1414142,11338,BS,60,198502,223,3,0.00,9/20/1985 8:00:00 AM,0.5000,2.556,13.147,N,[NULL],[NULL],64.00433,63.98317,-166.53233,-166.50867,[NULL],27,27,0,6.6,6.5,91,39,15,2,11411,1985
1414142,11370,BS,60,198502,255,3,0.00,9/25/1985 1:00:00 PM,0.5000,2.611,13.147,N,[NULL],[NULL],64.33417,64.34000,-163.82550,-163.76900,[NULL],15,15,0,6.5,8.0,91,39,15,2,11533,1985
1414142,11373,BS,60,198502,258,3,0.00,9/25/1985 7:00:00 PM,0.5000,2.611,13.147,N,[NULL],[NULL],64.16733,64.16733,-163.39750,-163.45450,[NULL],16,16,0,6.5,5.6,91,39,15,1,11536,1985
1414142,11379,BS,60,198502,264,3,0.00,9/26/1985 7:00:00 PM,0.5000,2.630,13.147,N,[NULL],[NULL],64.00033,64.00217,-163.10550,-163.05250,[NULL],16,16,0,6.1,7.1,91,39,15,1,11542,1985
1414142,11372,BS,60,198502,257,3,0.00,9/25/1985 5:00:00 PM,0.5000,2.648,13.147,N,[NULL],[NULL],64.16833,64.16283,-163.04850,-162.99317,[NULL],22,22,0,6.5,5.4,91,39,15,2,11535,1985
1414142,11378,BS,60,198502,263,3,0.00,9/26/1985 5:00:00 PM,0.5000,2.648,13.147,N,[NULL],[NULL],64.00500,63.99517,-163.47167,-163.42117,[NULL],16,16,0,6.5,7.1,91,39,15,1,11541,1985
1414142,11390,BS,60,198502,275,3,0.00,9/29/1985 8:00:00 AM,0.5000,2.667,13.147,N,[NULL],[NULL],63.83450,63.83200,-163.44717,-163.50500,[NULL],15,15,0,6.6,7.0,91,39,15,1,11644,1985
1414142,11400,BS,60,198502,285,3,0.00,9/30/1985 4:00:00 PM,0.5000,2.667,13.147,N,[NULL],[NULL],63.17250,63.14900,-165.69867,-165.71500,[NULL],18,18,0,6.3,6.8,91,39,15,1,11654,1985
1414142,11401,BS,60,198502,286,3,0.00,9/30/1985 6:00:00 PM,0.5000,2.667,13.147,N,[NULL],[NULL],63.01117,62.98717,-165.70117,-165.68417,[NULL],16,16,0,[NULL],[NULL],91,39,15,1,11655,1985
1414142,11374,BS,60,198502,259,3,0.00,9/26/1985 8:00:00 AM,0.5000,2.685,13.147,N,[NULL],[NULL],64.16733,64.16617,-163.82533,-163.76817,[NULL],18,18,0,6.7,7.4,91,39,15,1,11537,1985
1414142,11375,BS,60,198502,260,3,0.00,9/26/1985 10:00:00 AM,0.5000,2.685,13.147,N,[NULL],[NULL],64.16417,64.17183,-164.19650,-164.25067,[NULL],16,16,0,6.7,7.5,91,39,15,1,11538,1985
1414142,11343,BS,60,198502,228,3,0.00,9/20/1985 5:00:00 PM,0.5000,2.704,13.147,N,[NULL],[NULL],63.50800,63.48317,-166.46417,-166.46550,[NULL],24,24,0,[NULL],9.0,91,39,15,2,11416,1985
1414142,11344,BS,60,198502,229,3,0.00,9/20/1985 7:00:00 PM,0.5000,2.704,13.147,N,[NULL],[NULL],63.34283,63.31817,-166.44717,-166.45083,[NULL],22,22,0,6.5,6.4,91,39,15,2,11417,1985
1414142,11354,BS,60,198502,239,3,0.00,9/22/1985 3:00:00 PM,0.5000,2.704,13.147,N,[NULL],[NULL],64.16417,64.18050,-166.17950,-166.13533,[NULL],20,20,0,6.3,7.6,91,39,15,1,11427,1985
1414142,11357,BS,60,198502,242,3,0.00,9/23/1985 6:00:00 PM,0.5000,2.704,13.147,N,[NULL],[NULL],63.49833,63.49783,-165.69500,-165.75100,[NULL],20,20,0,7.1,7.1,91,39,15,1,11520,1985
1414142,11377,BS,60,198502,262,3,0.00,9/26/1985 2:00:00 PM,0.5000,2.704,13.147,N,[NULL],[NULL],64.00233,64.01417,-163.86133,-163.81183,[NULL],16,16,0,6.5,8.0,91,39,15,1,11540,1985
1414142,11398,BS,60,198502,283,3,0.00,9/30/1985 1:00:00 PM,0.5000,2.704,13.147,N,[NULL],[NULL],63.33883,63.31817,-165.32450,-165.35533,[NULL],15,15,0,6.3,7.3,91,39,15,1,11652,1985
1414142,11399,BS,60,198502,284,3,0.00,9/30/1985 2:00:00 PM,0.5000,2.704,13.147,N,[NULL],[NULL],63.32967,63.33550,-165.68000,-165.73483,[NULL],20,20,0,6.2,7.0,91,39,15,1,11653,1985
1414142,11404,BS,60,198502,289,3,0.00,10/1/1985 8:00:00 PM,0.5000,2.704,13.147,N,[NULL],[NULL],64.50800,64.48400,-166.96767,-166.98300,[NULL],26,26,0,[NULL],[NULL],91,39,15,1,11658,1985
1414142,11334,BS,60,198502,219,3,0.00,9/19/1985 12:00:00 PM,0.5000,2.704,13.147,N,[NULL],[NULL],64.34500,64.32183,-166.55100,-166.52900,[NULL],24,24,0,7.2,8.0,91,39,15,1,11407,1985
1414142,11355,BS,60,198502,240,3,0.00,9/22/1985 6:00:00 PM,0.5000,2.722,13.147,N,[NULL],[NULL],64.49867,64.49833,-166.54700,-166.60400,[NULL],22,22,0,6.1,7.7,91,39,15,1,11428,1985
1414142,11331,BS,60,198502,216,3,0.00,9/17/1985 3:00:00 PM,0.5000,2.722,13.147,N,[NULL],[NULL],64.32100,64.34467,-165.75717,-165.73867,[NULL],18,18,0,7.3,8.2,91,39,15,1,11404,1985
1414142,11342,BS,60,198502,227,3,0.00,9/20/1985 3:00:00 PM,0.5000,2.741,13.147,N,[NULL],[NULL],63.65417,63.67867,-166.47750,-166.48850,[NULL],26,26,0,5.8,3.9,91,39,15,2,11415,1985
1414142,11349,BS,60,198502,234,3,0.00,9/21/1985 2:00:00 PM,0.5000,2.741,13.147,N,[NULL],[NULL],63.65667,63.68100,-166.09667,-166.10017,[NULL],24,24,0,7.0,6.9,91,39,15,2,11422,1985
1414142,11383,BS,60,198502,268,3,0.00,9/27/1985 2:00:00 PM,0.5000,2.741,13.147,N,[NULL],[NULL],64.01033,63.98600,-162.35067,-162.33900,[NULL],15,15,0,6.8,5.8,91,39,15,1,11546,1985
1414142,11403,BS,60,198502,288,3,0.00,10/1/1985 6:00:00 PM,0.5000,2.741,13.147,N,[NULL],[NULL],64.66567,64.64083,-166.58217,-166.59050,[NULL],15,15,0,6.0,7.5,91,39,15,1,11657,1985
1414142,11326,BS,60,198502,211,3,0.00,9/16/1985 3:00:00 PM,0.5000,2.741,13.147,N,[NULL],[NULL],64.34500,64.32050,-165.35967,-165.34467,[NULL],22,22,0,7.4,8.0,91,39,15,1,11399,1985
1414142,11332,BS,60,198502,217,3,0.00,9/17/1985 5:00:00 PM,0.5000,2.741,13.147,N,[NULL],[NULL],64.32083,64.34567,-166.17517,-166.16483,[NULL],22,22,0,7.5,8.3,91,39,15,1,11405,1985
1414142,11336,BS,60,198502,221,3,0.00,9/19/1985 4:00:00 PM,0.5000,2.741,13.147,N,[NULL],[NULL],64.17167,64.14850,-166.92783,-166.90867,[NULL],29,29,0,7.0,7.7,91,39,15,2,11409,1985
1414142,11339,BS,60,198502,224,3,0.00,9/20/1985 10:00:00 AM,0.5000,2.741,13.147,N,[NULL],[NULL],63.99183,64.01200,-166.90867,-166.94133,[NULL],31,31,0,6.0,5.0,91,39,15,1,11412,1985
1414142,11340,BS,60,198502,225,3,0.00,9/20/1985 12:00:00 PM,0.5000,2.759,13.147,N,[NULL],[NULL],63.84083,63.81583,-166.89317,-166.89950,[NULL],29,29,0,5.7,2.0,91,39,15,2,11413,1985
1414142,11345,BS,60,198502,230,3,0.00,9/21/1985 7:00:00 AM,0.5000,2.759,13.147,N,[NULL],[NULL],63.16000,63.17383,-166.39683,-166.44283,[NULL],20,20,0,6.4,6.4,91,39,15,1,11418,1985
1414142,11353,BS,60,198502,238,3,0.00,9/22/1985 12:00:00 PM,0.5000,2.759,13.147,N,[NULL],[NULL],64.00050,64.00200,-166.12100,-166.17900,[NULL],20,20,0,6.3,7.6,91,39,15,2,11426,1985
1414142,11360,BS,60,198502,245,3,0.00,9/24/1985 10:00:00 AM,0.5000,2.759,13.147,N,[NULL],[NULL],63.82233,63.84517,-165.35150,-165.33017,[NULL],15,15,0,5.9,7.2,91,39,15,1,11523,1985
1414142,11382,BS,60,198502,267,3,0.00,9/27/1985 12:00:00 PM,0.5000,2.759,13.147,N,[NULL],[NULL],64.17900,64.15800,-162.28867,-162.31933,[NULL],15,15,0,6.8,6.8,91,39,15,1,11545,1985
1414142,11386,BS,60,198502,271,3,0.00,9/28/1985 9:00:00 AM,0.5000,2.759,13.147,N,[NULL],[NULL],64.17483,64.15017,-161.51150,-161.51650,[NULL],15,15,0,6.5,6.7,91,39,15,2,11549,1985
1414142,11337,BS,60,198502,222,3,0.00,9/19/1985 6:00:00 PM,0.5000,2.759,13.147,N,[NULL],[NULL],64.17167,64.15083,-166.54250,-166.51050,[NULL],26,26,0,7.0,7.0,91,39,15,2,11410,1985
1414142,11341,BS,60,198502,226,3,0.00,9/20/1985 1:00:00 PM,0.5000,2.778,13.147,N,[NULL],[NULL],63.84250,63.81800,-166.50667,-166.49217,[NULL],27,27,0,6.2,3.5,91,39,15,1,11414,1985
1414142,11346,BS,60,198502,231,3,0.00,9/21/1985 10:00:00 AM,0.5000,2.778,13.147,N,[NULL],[NULL],63.15750,63.17967,-166.05733,-166.08533,[NULL],20,20,0,6.8,6.8,91,39,15,1,11419,1985
1414142,11352,BS,60,198502,237,3,0.00,9/22/1985 11:00:00 AM,0.5000,2.778,13.147,N,[NULL],[NULL],63.99933,63.99967,-165.76217,-165.71000,[NULL],18,18,0,6.3,7.7,91,39,15,1,11425,1985
1414142,11394,BS,60,198502,279,3,0.00,9/29/1985 3:00:00 PM,0.5000,2.778,13.147,N,[NULL],[NULL],63.83633,63.83083,-164.95983,-165.01750,[NULL],15,15,0,7.0,7.0,91,39,15,1,11648,1985
1414142,11351,BS,60,198502,236,3,0.00,9/22/1985 9:00:00 AM,0.5000,2.797,13.147,N,[NULL],[NULL],63.82083,63.83717,-165.73850,-165.78183,[NULL],18,18,0,6.3,7.1,91,39,15,1,11424,1985
1414142,11388,BS,60,198502,273,3,0.00,9/28/1985 12:00:00 PM,0.5000,2.797,13.147,N,[NULL],[NULL],63.84200,63.82583,-161.57933,-161.53667,[NULL],13,13,0,6.7,5.2,91,39,15,2,11642,1985
1414142,11327,BS,60,198502,212,3,0.00,9/16/1985 5:00:00 PM,0.5000,2.797,13.147,N,[NULL],[NULL],64.33183,64.33933,-164.98917,-164.93433,[NULL],31,31,0,7.3,8.1,91,39,15,2,11400,1985
1414142,11348,BS,60,198502,233,3,0.00,9/21/1985 1:00:00 PM,0.5000,2.815,13.147,N,[NULL],[NULL],63.49817,63.52333,-166.08800,-166.08850,[NULL],22,22,0,6.9,6.8,91,39,15,2,11421,1985
1414142,11350,BS,60,198502,235,3,0.00,9/21/1985 4:00:00 PM,0.5000,2.815,13.147,N,[NULL],[NULL],63.84500,63.82100,-166.12167,-166.09883,[NULL],24,24,0,7.0,6.8,91,39,15,1,11423,1985
1414142,11395,BS,60,198502,280,3,0.00,9/29/1985 6:00:00 PM,0.5000,2.815,13.147,N,[NULL],[NULL],63.67617,63.66183,-164.95683,-165.00483,[NULL],15,15,0,6.3,6.7,91,39,15,1,11649,1985
1414142,11330,BS,60,198502,215,3,0.00,9/17/1985 1:00:00 PM,0.5000,2.815,13.147,N,[NULL],[NULL],64.17900,64.15333,-165.74767,-165.75600,[NULL],16,16,0,7.4,7.5,91,39,15,1,11403,1985
1414142,11347,BS,60,198502,232,3,0.00,9/21/1985 11:00:00 AM,0.5000,2.852,13.147,N,[NULL],[NULL],63.32533,63.34900,-166.06100,-166.08067,[NULL],20,20,0,7.0,7.2,91,39,15,2,11420,1985
1414142,11376,BS,60,198502,261,3,0.00,9/26/1985 12:00:00 PM,0.5000,2.871,13.147,N,[NULL],[NULL],64.01033,63.98467,-164.22033,-164.21217,[NULL],15,15,0,7.2,7.8,91,39,15,1,11539,1985
1414142,11335,BS,60,198502,220,3,0.00,9/19/1985 2:00:00 PM,0.5000,2.871,13.147,N,[NULL],[NULL],64.32383,64.34000,-166.91000,-166.95367,[NULL],27,27,0,6.7,6.9,91,39,15,2,11408,1985
1414142,11356,BS,60,198502,241,3,0.00,9/23/1985 4:00:00 PM,0.5000,2.889,13.147,N,[NULL],[NULL],63.66783,63.66300,-165.73767,-165.67883,[NULL],20,20,0,6.6,6.8,91,39,15,2,11429,1985
1414142,11371,BS,60,198502,256,3,0.00,9/25/1985 3:00:00 PM,0.5000,2.889,13.147,N,[NULL],[NULL],64.34267,64.31717,-163.40100,-163.41233,[NULL],16,16,0,6.7,7.5,91,39,15,2,11534,1985
1414142,11358,BS,60,198502,243,3,0.00,9/23/1985 7:00:00 PM,0.5000,2.926,13.147,N,[NULL],[NULL],63.51433,63.50950,-165.33583,-165.27983,[NULL],15,15,0,7.0,7.2,91,39,15,1,11521,1985
1414142,11387,BS,60,198502,272,3,0.00,9/28/1985 11:00:00 AM,0.5000,2.945,13.147,N,[NULL],[NULL],64.00683,63.98767,-161.53233,-161.57250,[NULL],15,15,0,6.7,6.8,91,39,15,1,11550,1985
1414142,11389,BS,60,198502,274,3,0.00,9/28/1985 5:00:00 PM,0.5000,2.963,13.147,N,[NULL],[NULL],63.83367,63.83450,-163.10150,-163.15800,[NULL],15,15,0,6.8,7.0,91,39,15,2,11643,1985
1414142,11391,BS,60,198502,276,3,0.00,9/29/1985 10:00:00 AM,0.5000,2.963,13.147,N,[NULL],[NULL],63.83333,63.83233,-163.86767,-163.80950,[NULL],15,15,0,6.8,7.6,91,39,15,1,11645,1985
1414142,11369,BS,60,198502,254,3,0.00,9/25/1985 11:00:00 AM,0.5000,3.000,13.147,N,[NULL],[NULL],64.48367,64.48083,-163.79483,-163.73683,[NULL],13,13,0,6.2,7.8,91,39,15,1,11532,1985
1414142,11392,BS,60,198502,277,3,0.00,9/29/1985 12:00:00 PM,0.5000,3.167,13.147,N,[NULL],[NULL],63.83533,63.83533,-164.20933,-164.27333,[NULL],15,15,0,7.0,7.5,91,39,15,1,11646,1985
1414142,11393,BS,60,198502,278,3,0.00,9/29/1985 1:00:00 PM,0.6500,3.704,13.147,N,[NULL],[NULL],63.83667,63.83567,-164.59483,-164.67200,[NULL],13,13,0,7.0,7.5,91,39,15,1,11647,1985
1414142,11410,BS,60,198502,295,3,0.00,10/4/1985 8:00:00 AM,0.5000,2.630,14.911,N,[NULL],[NULL],62.34017,62.31883,-170.29367,-170.26967,[NULL],37,37,0,4.1,0.9,137,39,15,1,11664,1985
1414142,11409,BS,60,198502,294,3,0.00,10/3/1985 5:00:00 PM,0.5000,2.704,14.911,N,[NULL],[NULL],62.98350,62.97767,-170.37000,-170.31667,[NULL],37,37,0,[NULL],[NULL],137,39,15,1,11663,1985
1414142,11418,BS,60,198502,303,3,0.00,10/6/1985 6:00:00 PM,0.5000,2.741,14.911,N,[NULL],[NULL],61.00867,60.98383,-170.10333,-170.11450,[NULL],46,46,0,5.6,3.0,137,39,15,1,11672,1985
1414142,11411,BS,60,198502,296,3,0.00,10/4/1985 1:00:00 PM,0.5000,2.759,14.911,N,[NULL],[NULL],62.34283,62.31833,-171.78250,-171.79350,[NULL],46,46,0,3.9,-0.7,137,39,15,1,11665,1985
1414142,11417,BS,60,198502,302,3,0.00,10/6/1985 1:00:00 PM,0.5000,2.722,15.788,N,[NULL],[NULL],61.67400,61.65583,-170.18967,-170.15300,[NULL],44,44,0,5.0,1.5,183,39,15,1,11671,1985
1414142,11416,BS,60,198502,301,3,0.00,10/6/1985 8:00:00 AM,0.5000,2.759,15.788,N,[NULL],[NULL],61.67217,61.65950,-171.57183,-171.52617,[NULL],53,53,0,4.9,-0.7,183,39,15,1,11670,1985
1414142,11406,BS,60,198502,291,3,0.00,10/2/1985 5:00:00 PM,0.5000,2.778,15.788,N,[NULL],[NULL],63.66817,63.65417,-172.70133,-172.74867,[NULL],53,53,0,3.5,0.5,183,39,15,1,11660,1985
1414142,11413,BS,60,198502,298,3,0.00,10/5/1985 8:00:00 AM,0.5000,2.722,16.313,N,[NULL],[NULL],62.34383,62.31900,-174.56883,-174.57550,[NULL],68,68,0,4.3,-0.8,229,39,15,1,11667,1985
1414142,11408,BS,60,198502,293,3,0.00,10/3/1985 1:00:00 PM,0.5000,2.741,16.313,N,[NULL],[NULL],63.00050,63.00717,-171.79567,-171.74233,[NULL],51,51,0,[NULL],[NULL],229,39,15,1,11662,1985
1414142,11412,BS,60,198502,297,3,0.00,10/4/1985 5:00:00 PM,0.5000,2.759,16.313,N,[NULL],[NULL],62.33150,62.33900,-173.14050,-173.19167,[NULL],57,57,0,4.3,-1.2,229,39,15,1,11666,1985
1414142,11407,BS,60,198502,292,3,6.00,10/3/1985 8:00:00 AM,0.3700,0.722,16.313,N,[NULL],[NULL],63.00167,63.00283,-173.22683,-173.24267,[NULL],68,68,0,3.7,-1.6,229,39,15,1,11661,1985
152,10341,BS,37,199101,72,3,0.00,7/6/1991 10:00:00 AM,0.5000,2.797,15.890,Y,3.170,[NULL],60.98017,60.98300,-167.29983,-167.35133,[NULL],20,20,0,12.8,7.9,137,44,15,1,9300,1991
152,10340,BS,37,199101,71,3,0.00,7/6/1991 7:00:00 AM,0.5000,2.815,16.030,Y,3.120,[NULL],60.64850,60.66483,-166.64550,-166.68500,[NULL],18,18,0,8.8,8.4,137,44,15,1,9299,1991
152,10371,BS,37,199101,102,3,0.00,7/14/1991 6:00:00 PM,0.8300,1.889,16.661,N,[NULL],[NULL],60.66300,60.67983,-169.43600,-169.43100,[NULL],40,40,0,9.8,1.7,183,44,15,1,9419,1991
152,10372,BS,37,199101,103,3,0.00,7/15/1991 6:00:00 AM,0.5000,2.908,16.661,N,[NULL],[NULL],60.98633,60.99283,-170.09033,-170.14250,[NULL],46,46,0,9.7,-0.6,183,44,15,2,9420,1991
152,10423,BS,37,199101,154,3,0.00,7/27/1991 4:00:00 PM,0.5000,2.741,17.370,Y,3.060,[NULL],61.98733,62.00783,-172.34717,-172.31800,[NULL],53,53,0,9.8,-1.3,229,44,15,1,9654,1991
152,10373,BS,37,199101,104,3,0.00,7/15/1991 9:00:00 AM,0.2500,1.370,17.401,N,[NULL],[NULL],60.67417,60.66183,-170.74000,-170.74233,[NULL],57,57,0,9.3,0.0,229,44,15,1,9421,1991
152,10426,BS,37,199101,157,3,0.00,7/28/1991 2:00:00 PM,0.5000,2.704,17.401,N,[NULL],[NULL],63.00400,62.98083,-173.21533,-173.23083,[NULL],68,68,0,9.4,-1.6,229,44,15,1,9657,1991
152,10424,BS,37,199101,155,3,0.00,7/28/1991 6:00:00 AM,0.5000,2.759,17.401,N,[NULL],[NULL],62.65383,62.67833,-172.41967,-172.41383,[NULL],51,51,0,9.9,-1.1,229,44,15,1,9655,1991
152,10425,BS,37,199101,156,3,0.00,7/28/1991 11:00:00 AM,0.5000,2.797,17.520,Y,2.940,[NULL],63.31917,63.34383,-172.60083,-172.59017,[NULL],62,62,0,9.6,-1.6,229,44,15,1,9656,1991
152,10422,BS,37,199101,153,3,0.00,7/27/1991 11:00:00 AM,0.5000,2.759,18.630,Y,[NULL],[NULL],61.32383,61.33467,-172.19350,-172.14733,[NULL],62,62,0,9.1,-1.3,229,44,15,1,9653,1991
1414141,12424,BS,78,199102,261,3,0.00,8/30/1991 12:00:00 PM,0.5000,2.834,11.280,Y,1.730,[NULL],63.98817,63.97617,-164.26783,-164.31917,[NULL],16,16,0,12.1,10.9,91,44,15,1,11840,1991
1414141,12413,BS,78,199102,250,3,0.00,8/29/1991 8:00:00 AM,0.5000,3.334,11.390,Y,[NULL],[NULL],64.49967,64.48833,-164.21217,-164.27650,[NULL],24,24,0,12.1,7.1,91,44,15,2,11829,1991
1414141,12383,BS,78,199102,220,3,0.00,8/23/1991 11:00:00 AM,0.5000,2.630,11.480,Y,3.830,[NULL],64.49850,64.50367,-166.91600,-166.86250,[NULL],27,27,0,12.0,3.6,137,44,15,1,11709,1991
1414141,12410,BS,78,199102,247,3,0.00,8/28/1991 4:00:00 PM,0.5000,2.815,11.740,Y,[NULL],[NULL],64.17100,64.19617,-164.92150,-164.91767,[NULL],16,16,0,11.5,7.1,137,44,15,1,11826,1991
1414141,12412,BS,78,199102,249,3,0.00,8/28/1991 7:00:00 PM,0.5000,3.167,11.800,Y,[NULL],[NULL],64.40117,64.37283,-164.62017,-164.61933,[NULL],33,33,0,12.2,6.4,137,44,15,2,11828,1991
1414141,12418,BS,78,199102,255,3,0.00,8/29/1991 5:00:00 PM,0.5000,2.889,12.228,N,[NULL],[NULL],64.32967,64.30383,-163.84933,-163.84133,[NULL],15,15,0,13.0,9.5,91,44,15,1,11834,1991
1414141,12415,BS,78,199102,252,3,0.00,8/29/1991 11:00:00 AM,0.5000,2.722,12.295,N,[NULL],[NULL],64.17433,64.15517,-164.54950,-164.51550,[NULL],16,16,0,11.9,[NULL],91,44,15,1,11831,1991
1414141,12423,BS,78,199102,260,3,0.00,8/30/1991 11:00:00 AM,0.5000,2.982,12.295,N,[NULL],[NULL],63.99317,63.99767,-163.77983,-163.84017,[NULL],16,16,0,12.8,11.3,91,44,15,1,11839,1991
1414141,12400,BS,78,199102,237,3,0.00,8/26/1991 5:00:00 PM,0.3300,1.722,12.430,N,[NULL],[NULL],64.49567,64.49817,-165.55267,-165.51733,[NULL],18,18,0,12.4,8.2,91,44,15,1,11726,1991
1414141,12404,BS,78,199102,241,3,0.00,8/27/1991 8:00:00 PM,0.5000,2.630,12.430,N,[NULL],[NULL],63.82767,63.80417,-165.29867,-165.29650,[NULL],18,18,0,12.0,7.5,137,44,15,1,11730,1991
1414141,12403,BS,78,199102,240,3,0.00,8/27/1991 7:00:00 PM,0.5000,2.722,12.430,N,[NULL],[NULL],63.97617,63.95233,-165.33433,-165.32267,[NULL],18,18,0,12.5,6.8,137,44,15,2,11729,1991
1414141,12402,BS,78,199102,239,3,0.00,8/27/1991 5:00:00 PM,0.5000,2.834,12.430,N,[NULL],[NULL],64.17350,64.14817,-165.37100,-165.36717,[NULL],18,18,0,10.2,6.7,137,44,15,1,11728,1991
1414141,12405,BS,78,199102,242,3,0.00,8/28/1991 8:00:00 AM,0.5000,2.982,12.430,N,[NULL],[NULL],63.64967,63.62333,-165.22633,-165.23800,[NULL],18,18,0,11.9,5.5,137,44,15,1,11731,1991
1414141,12422,BS,78,199102,259,3,0.00,8/30/1991 9:00:00 AM,0.5000,3.334,12.430,N,[NULL],[NULL],63.99850,64.00500,-163.43833,-163.50467,[NULL],18,18,0,12.3,9.7,137,44,15,2,11838,1991
1414141,12416,BS,78,199102,253,3,0.00,8/29/1991 1:00:00 PM,0.5000,2.926,12.565,N,[NULL],[NULL],64.16217,64.17517,-164.19467,-164.14250,[NULL],20,20,0,12.0,10.1,91,44,15,1,11832,1991
1414141,12397,BS,78,199102,234,3,0.00,8/26/1991 12:00:00 PM,0.5000,2.963,12.565,N,[NULL],[NULL],64.02350,64.04933,-165.70233,-165.71683,[NULL],20,20,0,10.0,3.7,137,44,15,1,11723,1991
1414141,12398,BS,78,199102,235,3,0.00,8/26/1991 2:00:00 PM,0.5000,2.982,12.565,N,[NULL],[NULL],64.16467,64.19033,-165.69600,-165.71383,[NULL],20,20,0,9.8,3.9,137,44,15,1,11724,1991
1414141,12421,BS,78,199102,258,3,0.00,8/30/1991 8:00:00 AM,0.5000,3.037,12.565,N,[NULL],[NULL],64.06817,64.06733,-163.15017,-163.21250,[NULL],20,20,0,12.7,11.0,137,44,15,2,11837,1991
1414141,12399,BS,78,199102,236,3,0.00,8/26/1991 3:00:00 PM,0.5000,3.241,12.565,N,[NULL],[NULL],64.32700,64.35600,-165.64150,-165.64367,[NULL],20,20,0,9.2,4.7,137,44,15,1,11725,1991
1414141,12381,BS,78,199102,218,3,0.00,8/23/1991 8:00:00 AM,0.5000,3.056,12.620,Y,3.300,[NULL],64.33700,64.36267,-166.82183,-166.84350,[NULL],29,29,0,11.8,4.2,137,44,15,2,11707,1991
1414141,12377,BS,78,199102,214,3,0.00,8/22/1991 12:00:00 PM,0.5000,2.685,12.680,Y,[NULL],[NULL],63.83067,63.85467,-166.48900,-166.48217,[NULL],31,31,0,10.6,3.3,137,44,15,1,11703,1991
1414141,12396,BS,78,199102,233,3,0.00,8/26/1991 11:00:00 AM,0.5000,2.556,12.700,N,[NULL],[NULL],63.83817,63.86067,-165.71333,-165.72383,[NULL],22,22,0,10.5,4.1,137,44,15,1,11722,1991
1414141,12419,BS,78,199102,256,3,0.00,8/29/1991 7:00:00 PM,0.5000,2.722,12.700,N,[NULL],[NULL],64.17133,64.17333,-163.48467,-163.42883,[NULL],22,22,0,13.5,8.7,137,44,15,2,11835,1991
1414141,12417,BS,78,199102,254,3,0.00,8/29/1991 3:00:00 PM,0.5000,2.741,12.700,N,[NULL],[NULL],64.17683,64.18033,-163.83717,-163.78150,[NULL],22,22,0,13.0,9.5,137,44,15,1,11833,1991
1414141,12401,BS,78,199102,238,3,0.00,8/27/1991 4:00:00 PM,0.5000,2.778,12.700,N,[NULL],[NULL],64.33533,64.31050,-165.37433,-165.37700,[NULL],22,22,0,12.0,6.8,137,44,15,1,11727,1991
1414141,12426,BS,78,199102,263,3,0.00,8/30/1991 3:00:00 PM,0.5000,3.037,12.780,Y,1.740,[NULL],63.84133,63.82133,-164.64250,-164.68433,[NULL],16,16,0,12.8,[NULL],91,44,15,1,11842,1991
1414141,12420,BS,78,199102,257,3,0.00,8/29/1991 8:00:00 PM,0.5000,2.445,12.835,N,[NULL],[NULL],64.16800,64.14650,-163.16000,-163.14833,[NULL],24,24,0,13.1,9.7,137,44,15,1,11836,1991
1414141,12392,BS,78,199102,229,3,0.00,8/25/1991 5:00:00 PM,0.5000,2.630,12.835,N,[NULL],[NULL],63.35167,63.34717,-166.05050,-165.99883,[NULL],24,24,0,12.5,3.1,137,44,15,2,11718,1991
1414141,12387,BS,78,199102,224,3,0.00,8/24/1991 8:00:00 AM,0.5000,2.648,12.835,N,[NULL],[NULL],64.15433,64.13150,-166.12767,-166.11200,[NULL],24,24,0,11.0,4.5,137,44,15,1,11713,1991
1414141,12393,BS,78,199102,230,3,0.00,8/25/1991 6:00:00 PM,0.5000,2.685,12.835,N,[NULL],[NULL],63.36400,63.38650,-165.76083,-165.74133,[NULL],24,24,0,12.5,4.9,137,44,15,2,11719,1991
1414141,12394,BS,78,199102,231,3,0.00,8/26/1991 8:00:00 AM,0.5000,2.945,12.835,N,[NULL],[NULL],63.50850,63.53483,-165.70483,-165.70483,[NULL],24,24,0,11.0,4.5,137,44,15,2,11720,1991
1414141,12395,BS,78,199102,232,3,0.00,8/26/1991 9:00:00 AM,0.5000,3.167,12.835,N,[NULL],[NULL],63.68533,63.71383,-165.70517,-165.70767,[NULL],24,24,0,11.8,3.9,137,44,15,2,11721,1991
1414141,12409,BS,78,199102,246,3,0.00,8/28/1991 3:00:00 PM,0.5000,3.074,12.940,Y,[NULL],[NULL],63.98533,64.01283,-164.95450,-164.95700,[NULL],16,16,0,12.8,8.4,137,44,15,1,11825,1991
1414141,12391,BS,78,199102,228,3,0.00,8/25/1991 4:00:00 PM,0.5000,2.334,12.970,N,[NULL],[NULL],63.46683,63.44583,-166.07917,-166.08133,[NULL],26,26,0,11.5,3.7,137,44,15,1,11717,1991
1414141,12388,BS,78,199102,225,3,0.00,8/25/1991 11:00:00 AM,0.5000,2.759,12.970,N,[NULL],[NULL],64.01867,63.99400,-166.11667,-166.11233,[NULL],26,26,0,10.0,3.3,137,44,15,1,11714,1991
1414141,12372,BS,78,199102,209,3,0.00,8/21/1991 10:00:00 AM,0.5000,2.593,12.980,Y,[NULL],[NULL],62.68983,62.71250,-168.29583,-168.30683,[NULL],35,35,0,10.2,3.0,137,44,15,2,11607,1991
1414141,12411,BS,78,199102,248,3,0.00,8/28/1991 5:00:00 PM,0.5000,2.908,13.030,Y,[NULL],[NULL],64.31250,64.33483,-164.88433,-164.85317,[NULL],16,16,0,11.5,7.4,137,44,15,2,11827,1991
1414141,12385,BS,78,199102,222,3,0.00,8/23/1991 3:00:00 PM,0.5000,2.445,13.037,N,[NULL],[NULL],64.31867,64.30850,-166.50883,-166.46400,[NULL],27,27,0,11.0,3.6,137,44,15,1,11711,1991
1414141,12389,BS,78,199102,226,3,0.00,8/25/1991 12:00:00 PM,0.5000,2.630,13.037,N,[NULL],[NULL],63.82633,63.80300,-166.08600,-166.09483,[NULL],27,27,0,10.0,2.8,137,44,15,2,11715,1991
1414141,12390,BS,78,199102,227,3,0.00,8/25/1991 2:00:00 PM,0.5000,2.685,13.037,N,[NULL],[NULL],63.64500,63.62133,-166.07017,-166.08133,[NULL],27,27,0,[NULL],3.2,137,44,15,2,11716,1991
1414141,12408,BS,78,199102,245,3,0.00,8/28/1991 1:00:00 PM,0.5000,2.574,13.040,Y,[NULL],[NULL],63.83567,63.85883,-164.95300,-164.95217,[NULL],16,16,0,12.4,10.2,137,44,15,1,11824,1991
1414141,12376,BS,78,199102,213,3,0.00,8/22/1991 11:00:00 AM,0.5000,2.593,13.110,Y,[NULL],[NULL],63.63000,63.65317,-166.48283,-166.47783,[NULL],27,27,0,11.0,3.9,137,44,15,1,11611,1991
1414141,12375,BS,78,199102,212,3,0.00,8/22/1991 9:00:00 AM,0.5000,2.648,13.110,Y,[NULL],[NULL],63.50550,63.52900,-166.42883,-166.42150,[NULL],27,27,0,11.2,3.7,137,44,15,1,11610,1991
1414141,12379,BS,78,199102,216,3,0.00,8/22/1991 4:00:00 PM,0.5000,2.889,13.150,Y,[NULL],[NULL],64.15167,64.16283,-166.50133,-166.55500,[NULL],27,27,0,11.7,4.0,137,44,15,1,11705,1991
1414141,12407,BS,78,199102,244,3,0.00,8/28/1991 11:00:00 AM,0.5000,2.797,13.160,Y,[NULL],[NULL],63.65250,63.67767,-164.96950,-164.97283,[NULL],16,16,0,12.2,8.6,137,44,15,1,11733,1991
1414141,12382,BS,78,199102,219,3,0.00,8/23/1991 9:00:00 AM,0.5000,2.611,13.172,N,[NULL],[NULL],64.40150,64.42483,-167.24517,-167.24267,[NULL],29,29,0,11.2,2.1,137,44,15,2,11708,1991
1414141,12374,BS,78,199102,211,3,0.00,8/22/1991 7:00:00 AM,0.5000,2.722,13.180,Y,[NULL],[NULL],63.38767,63.40233,-166.48317,-166.43983,[NULL],27,27,0,12.2,3.6,137,44,15,1,11609,1991
1414141,12362,BS,78,199102,199,3,0.00,8/19/1991 7:00:00 AM,0.5000,2.685,13.290,Y,3.090,[NULL],62.95350,62.93117,-170.33683,-170.31700,[NULL],42,42,0,9.0,0.9,137,44,15,1,11597,1991
1414141,12386,BS,78,199102,223,3,0.00,8/23/1991 4:00:00 PM,0.2500,1.426,13.307,N,[NULL],[NULL],64.33450,64.34067,-166.17317,-166.14717,[NULL],31,31,0,[NULL],3.1,137,44,15,1,11712,1991
1414141,12357,BS,78,199102,194,3,0.00,8/17/1991 3:00:00 PM,0.5000,2.982,13.490,Y,[NULL],[NULL],61.66517,61.68117,-171.49667,-171.45167,[NULL],57,57,0,10.2,0.9,229,44,15,1,11592,1991
1414141,12359,BS,78,199102,196,3,0.00,8/18/1991 7:00:00 AM,0.5000,2.556,13.630,Y,[NULL],[NULL],62.32650,62.33167,-171.66883,-171.62083,[NULL],48,48,0,10.0,0.3,183,44,15,1,11594,1991
1414141,12406,BS,78,199102,243,3,0.00,8/28/1991 9:00:00 AM,0.5000,2.852,13.760,Y,[NULL],[NULL],63.50633,63.51450,-165.30200,-165.24800,[NULL],18,18,0,12.0,5.9,137,44,15,1,11732,1991
1414141,12425,BS,78,199102,262,3,0.00,8/30/1991 2:00:00 PM,0.5000,2.797,13.820,Y,1.750,[NULL],63.95733,63.93700,-164.54033,-164.57383,[NULL],16,16,0,12.5,9.9,91,44,15,1,11841,1991
1414141,12364,BS,78,199102,201,3,0.00,8/19/1991 1:00:00 PM,0.5000,2.685,13.915,N,[NULL],[NULL],62.33683,62.31817,-170.26000,-170.22733,[NULL],40,40,0,10.1,0.9,229,44,15,1,11599,1991
1414141,12360,BS,78,199102,197,3,0.00,8/18/1991 10:00:00 AM,0.5000,3.056,13.980,Y,[NULL],[NULL],62.65450,62.67600,-171.35817,-171.39550,[NULL],48,48,0,9.7,0.7,183,44,15,1,11595,1991
1414141,12365,BS,78,199102,202,3,0.00,8/19/1991 5:00:00 PM,0.5000,2.834,14.184,N,[NULL],[NULL],61.99867,61.97433,-169.74183,-169.75767,[NULL],44,44,0,10.1,-0.4,229,44,15,1,11600,1991
1414141,12366,BS,78,199102,203,3,0.00,8/19/1991 7:00:00 PM,0.3300,1.759,14.319,N,[NULL],[NULL],61.69017,61.67650,-170.10000,-170.08333,[NULL],46,46,0,[NULL],-0.4,229,44,15,1,11601,1991
1414141,12369,BS,78,199102,206,3,0.00,8/20/1991 3:00:00 PM,0.5000,2.593,14.330,Y,[NULL],[NULL],61.66083,61.68167,-168.77650,-168.75500,[NULL],37,37,0,[NULL],3.9,137,44,15,2,11604,1991
1414141,12368,BS,78,199102,205,3,0.00,8/20/1991 12:00:00 PM,0.5000,2.834,14.400,Y,3.130,[NULL],61.38617,61.40200,-168.23317,-168.27483,[NULL],31,31,0,11.7,6.5,137,44,15,2,11603,1991
1414141,12371,BS,78,199102,208,3,0.00,8/21/1991 7:00:00 AM,0.5000,2.908,14.410,Y,[NULL],[NULL],62.36683,62.37783,-168.79400,-168.74317,[NULL],35,35,0,[NULL],1.7,137,44,15,1,11606,1991
1414141,12370,BS,78,199102,207,3,0.00,8/20/1991 6:00:00 PM,0.5000,2.519,14.500,Y,[NULL],[NULL],61.98333,62.00300,-168.21700,-168.24067,[NULL],29,29,0,12.8,3.6,137,44,15,2,11605,1991
1414141,12380,BS,78,199102,217,3,0.00,8/22/1991 5:00:00 PM,0.5000,3.019,14.670,Y,[NULL],[NULL],64.19733,64.22433,-166.79950,-166.80350,[NULL],31,31,0,11.0,3.1,137,44,15,1,11706,1991
1414141,12358,BS,78,199102,195,3,0.00,8/17/1991 7:00:00 PM,0.5000,2.889,14.690,Y,[NULL],[NULL],61.97517,61.99867,-171.06183,-171.08483,[NULL],51,51,0,10.2,[NULL],183,44,15,1,11593,1991
1414141,12363,BS,78,199102,200,3,0.00,8/19/1991 10:00:00 AM,0.5000,2.667,14.730,Y,[NULL],[NULL],62.63317,62.60917,-169.82400,-169.82083,[NULL],40,40,0,9.8,0.9,183,44,15,2,11598,1991
1414141,12356,BS,78,199102,193,3,0.00,8/17/1991 1:00:00 PM,0.5000,3.093,14.780,Y,[NULL],[NULL],61.34517,61.37183,-170.77800,-170.79283,[NULL],49,49,0,10.2,0.4,183,44,15,2,11591,1991
1414141,12367,BS,78,199102,204,3,0.00,8/20/1991 7:00:00 AM,0.5000,2.630,14.970,Y,[NULL],[NULL],61.38717,61.38133,-169.52383,-169.47617,[NULL],42,42,0,10.7,2.8,229,44,15,2,11602,1991
1414141,12378,BS,78,199102,215,3,0.00,8/22/1991 2:00:00 PM,0.5000,2.519,15.060,Y,[NULL],[NULL],63.99900,64.02167,-166.47083,-166.47367,[NULL],31,31,0,11.5,4.1,137,44,15,1,11704,1991
1414141,12361,BS,78,199102,198,3,0.00,8/18/1991 2:00:00 PM,0.5000,2.722,15.570,Y,2.680,[NULL],63.05367,63.07217,-171.76650,-171.73100,[NULL],57,57,0,10.2,-0.8,229,44,15,1,11596,1991
1414141,12373,BS,78,199102,210,3,6.00,8/21/1991 2:00:00 PM,0.2200,1.019,13.037,N,[NULL],[NULL],62.96483,62.96817,-168.80900,-168.79033,[NULL],27,27,0,[NULL],2.9,137,44,15,1,11608,1991
128,6417,BS,21,198808,35,3,0.00,8/19/1988 7:00:00 PM,0.5000,2.963,12.730,Y,2.490,[NULL],63.49550,63.52100,-165.14700,-165.12333,[NULL],9,9,0,14.3,12.5,82,44,15,1,5090,1988
128,6416,BS,21,198808,34,3,0.00,8/19/1988 4:00:00 PM,0.5000,2.982,13.330,Y,2.490,[NULL],63.68050,63.65483,-164.62750,-164.63200,[NULL],13,13,0,15.2,11.2,91,44,15,1,5089,1988
128,6411,BS,21,198808,29,3,0.00,8/19/1988 8:00:00 AM,0.5000,2.741,13.780,Y,3.070,[NULL],64.31483,64.33933,-164.23017,-164.23317,[NULL],16,16,0,13.2,10.0,91,44,15,2,5084,1988
128,6398,BS,21,198808,16,3,0.00,8/18/1988 9:00:00 AM,0.5000,2.778,13.790,Y,2.320,[NULL],64.14900,64.17650,-162.32633,-162.32900,[NULL],18,18,0,13.0,8.6,110,44,15,1,5071,1988
128,6392,BS,21,198808,10,3,0.00,8/17/1988 9:00:00 PM,0.5000,2.759,13.840,Y,2.260,[NULL],64.33083,64.31933,-161.53050,-161.47983,[NULL],13,13,0,14.5,13.1,101,44,15,1,4955,1988
128,6448,BS,21,198808,66,3,0.00,8/21/1988 9:00:00 PM,0.5000,2.926,13.890,Y,2.220,[NULL],63.34483,63.31867,-166.08800,-166.08350,[NULL],26,26,0,10.3,6.9,157,44,15,2,5230,1988
128,6443,BS,21,198808,61,3,0.00,8/21/1988 2:00:00 PM,0.5000,3.000,13.890,Y,2.410,[NULL],64.17333,64.14783,-166.20250,-166.21533,[NULL],24,24,0,11.6,9.0,152,44,15,2,5225,1988
128,6446,BS,21,198808,64,3,0.00,8/21/1988 6:00:00 PM,0.5000,2.889,13.900,Y,2.300,[NULL],63.68017,63.65483,-166.13117,-166.12850,[NULL],29,29,0,13.1,5.4,165,44,15,2,5228,1988
128,6415,BS,21,198808,33,3,0.00,8/19/1988 3:00:00 PM,0.5000,2.963,13.920,Y,2.370,[NULL],63.84167,63.81567,-164.62633,-164.63483,[NULL],18,18,0,13.5,10.0,112,44,15,2,5088,1988
128,6413,BS,21,198808,31,3,0.00,8/19/1988 12:00:00 PM,0.5000,3.037,13.930,Y,2.260,[NULL],64.17683,64.15050,-164.60050,-164.60117,[NULL],18,18,0,13.2,10.6,106,44,15,1,5086,1988
128,6393,BS,21,198808,11,3,0.00,8/17/1988 10:00:00 PM,0.5000,3.056,14.020,Y,2.010,[NULL],64.17417,64.14883,-161.53850,-161.56200,[NULL],18,18,0,14.6,13.7,112,44,15,2,4956,1988
128,6444,BS,21,198808,62,3,0.00,8/21/1988 3:00:00 PM,0.5000,2.815,14.050,Y,2.300,[NULL],64.01100,63.98583,-166.16867,-166.16833,[NULL],26,26,0,12.0,4.5,157,44,15,2,5226,1988
128,6412,BS,21,198808,30,3,0.00,8/19/1988 10:00:00 AM,0.5000,3.093,14.160,Y,2.140,[NULL],64.33183,64.32933,-164.57467,-164.63867,[NULL],18,18,0,12.6,11.8,128,44,15,2,5085,1988
128,6445,BS,21,198808,63,3,0.00,8/21/1988 4:00:00 PM,0.5000,2.926,14.330,Y,2.300,[NULL],63.84667,63.82117,-166.14767,-166.13867,[NULL],29,29,0,11.9,5.6,165,44,15,2,5227,1988
128,6420,BS,21,198808,38,3,0.00,8/19/1988 11:00:00 PM,0.5000,2.926,14.450,Y,2.340,[NULL],63.96867,63.99450,-164.95783,-164.94800,[NULL],22,22,0,12.7,11.3,143,44,15,1,5093,1988
128,6390,BS,21,198808,8,3,0.00,8/17/1988 3:00:00 PM,0.5000,2.704,14.500,Y,2.150,[NULL],64.32417,64.32867,-162.32000,-162.26483,[NULL],20,20,0,14.3,11.4,123,44,15,2,4953,1988
128,6435,BS,21,198808,53,3,0.00,8/20/1988 11:00:00 PM,0.5000,3.056,14.590,Y,2.410,[NULL],63.82133,63.84767,-165.75317,-165.73883,[NULL],24,24,0,13.0,9.6,157,44,15,2,5217,1988
128,6455,BS,21,198808,73,3,0.00,8/22/1988 11:00:00 AM,0.5000,2.815,14.630,Y,2.180,[NULL],64.00633,63.98317,-166.57017,-166.54367,[NULL],33,33,0,10.4,3.6,172,44,15,2,5237,1988
128,6404,BS,21,198808,22,3,0.00,8/18/1988 8:00:00 PM,0.5000,2.926,14.650,Y,[NULL],[NULL],64.15117,64.17667,-163.44833,-163.43500,[NULL],22,22,0,14.2,11.5,152,44,15,2,5077,1988
128,6394,BS,21,198808,12,3,0.00,8/18/1988 1:00:00 AM,0.5000,2.982,14.650,Y,2.230,[NULL],64.00517,63.98017,-161.58083,-161.59200,[NULL],18,18,0,14.0,10.7,110,44,15,2,4957,1988
128,6402,BS,21,198808,20,3,0.00,8/18/1988 5:00:00 PM,0.5000,3.019,14.690,Y,1.990,[NULL],63.81567,63.84267,-163.48950,-163.48800,[NULL],18,18,0,13.9,12.1,137,44,15,2,5075,1988
128,6385,BS,21,198808,3,3,0.00,8/17/1988 3:00:00 AM,0.5000,2.685,14.700,Y,2.100,[NULL],64.41633,64.41400,-164.18833,-164.24467,[NULL],16,16,0,12.4,9.9,135,44,15,1,4948,1988
128,6397,BS,21,198808,15,3,0.00,8/18/1988 7:00:00 AM,0.5000,2.963,14.740,Y,2.220,[NULL],64.02550,63.99917,-162.36233,-162.36967,[NULL],18,18,0,12.8,11.0,146,44,15,1,5070,1988
128,6421,BS,21,198808,39,3,0.00,8/20/1988 1:00:00 AM,0.5000,2.778,14.810,Y,2.080,[NULL],64.14900,64.17500,-164.98833,-164.98450,[NULL],18,18,0,13.3,11.8,137,44,15,1,5094,1988
128,6437,BS,21,198808,55,3,0.00,8/21/1988 2:00:00 AM,0.5000,3.000,14.840,Y,2.120,[NULL],64.15400,64.17933,-165.77133,-165.77117,[NULL],22,22,0,11.9,9.5,152,44,15,2,5219,1988
128,6458,BS,21,198808,76,3,0.00,8/22/1988 6:00:00 PM,0.5000,2.871,14.880,Y,2.200,[NULL],64.48850,64.51067,-166.52983,-166.55567,[NULL],29,29,0,12.1,10.5,165,44,15,2,5349,1988
128,6442,BS,21,198808,60,3,0.00,8/21/1988 12:00:00 PM,0.5000,2.945,14.880,Y,2.220,[NULL],64.32683,64.35283,-166.19917,-166.20317,[NULL],27,27,0,11.3,9.2,157,44,15,2,5224,1988
128,6407,BS,21,198808,25,3,0.00,8/19/1988 2:00:00 AM,0.5000,3.130,14.880,Y,2.550,[NULL],63.84283,63.81650,-163.86950,-163.87483,[NULL],18,18,0,13.9,10.7,137,44,15,2,5080,1988
128,6408,BS,21,198808,26,3,0.00,8/19/1988 4:00:00 AM,0.5000,2.908,14.910,Y,2.630,[NULL],63.82617,63.83167,-164.19867,-164.25683,[NULL],18,18,0,14.1,10.4,137,44,15,2,5081,1988
128,6422,BS,21,198808,40,3,0.00,8/20/1988 3:00:00 AM,0.5000,3.037,14.920,Y,2.080,[NULL],64.32783,64.33467,-164.95983,-165.01967,[NULL],33,33,0,13.2,10.9,165,44,15,2,5095,1988
128,6449,BS,21,198808,67,3,0.00,8/21/1988 11:00:00 PM,0.5000,3.000,14.930,Y,2.030,[NULL],63.17850,63.15233,-166.09033,-166.09000,[NULL],24,24,0,10.5,7.5,152,44,15,2,5231,1988
128,6436,BS,21,198808,54,3,0.00,8/21/1988 1:00:00 AM,0.5000,3.037,14.950,Y,2.640,[NULL],63.98750,64.01467,-165.75333,-165.75083,[NULL],22,22,0,12.3,5.6,152,44,15,2,5218,1988
128,6409,BS,21,198808,27,3,0.00,8/19/1988 5:00:00 AM,0.5000,2.963,15.000,Y,2.580,[NULL],63.98350,64.00967,-164.23167,-164.22283,[NULL],18,18,0,13.1,11.3,137,44,15,2,5082,1988
128,6405,BS,21,198808,23,3,0.00,8/18/1988 10:00:00 PM,0.5000,2.963,15.010,Y,[NULL],[NULL],64.16500,64.16383,-163.79667,-163.85783,[NULL],22,22,0,13.8,8.4,144,44,15,2,5078,1988
128,6410,BS,21,198808,28,3,0.00,8/19/1988 7:00:00 AM,0.5000,2.982,15.010,Y,2.760,[NULL],64.15200,64.17833,-164.22533,-164.22767,[NULL],20,20,0,13.3,9.7,152,44,15,2,5083,1988
128,6465,BS,21,198808,83,3,0.00,8/23/1988 9:00:00 AM,0.5000,2.945,15.030,Y,2.060,[NULL],64.18033,64.15700,-166.91683,-166.89050,[NULL],33,33,0,8.6,2.6,172,44,15,2,5356,1988
128,6400,BS,21,198808,18,3,0.00,8/18/1988 2:00:00 PM,0.5000,3.037,15.060,Y,2.010,[NULL],64.00800,63.98067,-163.10967,-163.10150,[NULL],20,20,0,13.5,9.2,143,44,15,2,5073,1988
128,6399,BS,21,198808,17,3,0.00,8/18/1988 12:00:00 PM,0.5000,2.815,15.080,Y,2.090,[NULL],64.16467,64.16233,-163.05317,-163.11450,[NULL],26,26,0,13.6,7.8,161,44,15,1,5072,1988
128,6440,BS,21,198808,58,3,0.00,8/21/1988 7:00:00 AM,0.5000,3.037,15.100,Y,2.750,[NULL],64.49617,64.49683,-165.77567,-165.83800,[NULL],20,20,0,13.1,10.8,137,44,15,2,5222,1988
128,6426,BS,21,198808,44,3,0.00,8/20/1988 9:00:00 AM,0.5000,3.000,15.150,Y,2.560,[NULL],64.01083,63.98433,-165.36750,-165.36783,[NULL],20,20,0,11.8,9.8,143,44,15,1,5208,1988
128,6432,BS,21,198808,50,3,0.00,8/20/1988 7:00:00 PM,0.5000,3.056,15.170,Y,2.550,[NULL],63.32133,63.34817,-165.72683,-165.71533,[NULL],24,24,0,13.5,7.8,152,44,15,2,5214,1988
128,6451,BS,21,198808,69,3,0.00,8/22/1988 3:00:00 AM,0.5000,3.000,15.250,Y,2.130,[NULL],63.31750,63.34350,-166.46333,-166.45267,[NULL],26,26,0,9.1,6.1,152,44,15,2,5233,1988
128,6460,BS,21,198808,78,3,0.00,8/22/1988 11:00:00 PM,0.5000,2.926,15.270,Y,2.050,[NULL],64.65767,64.68300,-166.93917,-166.94067,[NULL],27,27,0,11.8,7.0,161,44,15,2,5351,1988
128,6427,BS,21,198808,45,3,0.00,8/20/1988 11:00:00 AM,0.5000,2.926,15.330,Y,2.620,[NULL],63.84183,63.81550,-165.36700,-165.36717,[NULL],20,20,0,12.7,10.6,143,44,15,2,5209,1988
128,6406,BS,21,198808,24,3,0.00,8/18/1988 12:00:00 AM,0.5000,3.056,15.340,Y,2.640,[NULL],64.00533,63.97917,-163.85867,-163.85167,[NULL],20,20,0,13.3,12.5,139,44,15,2,5079,1988
128,6401,BS,21,198808,19,3,0.00,8/18/1988 3:00:00 PM,0.5000,3.074,15.360,Y,1.880,[NULL],63.84183,63.81467,-163.11600,-163.11067,[NULL],18,18,0,14.1,12.6,137,44,15,1,5074,1988
128,6454,BS,21,198808,72,3,0.00,8/22/1988 9:00:00 AM,0.5000,3.056,15.380,Y,2.050,[NULL],63.84167,63.81917,-166.54633,-166.51483,[NULL],33,33,0,8.5,4.0,172,44,15,2,5236,1988
128,6463,BS,21,198808,81,3,0.00,8/23/1988 5:00:00 AM,0.5000,2.945,15.400,Y,1.990,[NULL],64.34467,64.31950,-167.31833,-167.30117,[NULL],31,31,0,7.7,2.8,172,44,15,2,5354,1988
128,6387,BS,21,198808,5,3,0.00,8/17/1988 8:00:00 AM,0.5000,2.630,15.457,N,2.750,[NULL],64.49433,64.47100,-163.79833,-163.80383,[NULL],18,18,0,12.7,12.4,104,44,15,2,4950,1988
128,6414,BS,21,198808,32,3,0.00,8/19/1988 1:00:00 PM,0.5000,2.648,15.457,N,2.070,[NULL],64.01300,63.99383,-164.60883,-164.61583,[NULL],22,22,0,13.5,11.1,104,44,15,2,5087,1988
128,6466,BS,21,198808,84,3,0.00,8/23/1988 10:00:00 AM,0.5000,3.000,15.470,Y,2.140,[NULL],64.00783,63.98850,-166.91933,-166.87800,[NULL],35,35,0,8.9,2.7,176,44,15,2,5357,1988
128,6418,BS,21,198808,36,3,0.00,8/19/1988 8:00:00 PM,0.5000,3.148,15.491,N,2.550,[NULL],63.65317,63.67717,-164.99867,-164.96717,[NULL],18,18,0,15.5,11.7,106,44,15,1,5091,1988
128,6433,BS,21,198808,51,3,0.00,8/20/1988 8:00:00 PM,0.5000,3.000,15.510,Y,2.560,[NULL],63.48667,63.51367,-165.73750,-165.73933,[NULL],26,26,0,13.7,8.0,157,44,15,2,5215,1988
128,6464,BS,21,198808,82,3,0.00,8/23/1988 7:00:00 AM,0.5000,3.056,15.520,Y,2.020,[NULL],64.17950,64.15450,-167.32200,-167.29683,[NULL],35,35,0,7.6,2.2,172,44,15,2,5355,1988
128,6467,BS,21,198808,85,3,0.00,8/23/1988 12:00:00 PM,0.5000,2.852,15.550,Y,2.050,[NULL],63.84100,63.82317,-166.90083,-166.85933,[NULL],33,33,0,7.1,2.4,176,44,15,1,5358,1988
128,6424,BS,21,198808,42,3,0.00,8/20/1988 6:00:00 AM,0.5000,3.074,15.570,Y,2.350,[NULL],64.33550,64.30867,-165.37967,-165.38900,[NULL],26,26,0,12.4,10.0,161,44,15,2,5097,1988
128,6403,BS,21,198808,21,3,0.00,8/18/1988 7:00:00 PM,0.5000,2.926,15.580,Y,2.510,[NULL],63.98733,64.01333,-163.47483,-163.47733,[NULL],22,22,0,13.2,7.4,139,44,15,2,5076,1988
128,6430,BS,21,198808,48,3,0.00,8/20/1988 3:00:00 PM,0.5000,2.945,15.700,Y,2.460,[NULL],63.34417,63.31833,-165.35700,-165.35317,[NULL],18,18,0,13.4,11.9,137,44,15,1,5212,1988
128,6425,BS,21,198808,43,3,0.00,8/20/1988 8:00:00 AM,0.5000,3.111,15.710,Y,2.180,[NULL],64.17867,64.15117,-165.38100,-165.38400,[NULL],20,20,0,11.5,9.7,146,44,15,2,5098,1988
128,6386,BS,21,198808,4,3,0.00,8/17/1988 5:00:00 AM,0.5000,2.648,15.738,N,2.050,[NULL],64.49683,64.49550,-164.19933,-164.25400,[NULL],20,20,0,13.2,12.8,123,44,15,2,4949,1988
128,6388,BS,21,198808,6,3,0.00,8/17/1988 10:00:00 AM,0.5000,2.926,15.738,N,[NULL],[NULL],64.34017,64.31467,-163.82633,-163.84050,[NULL],18,18,0,12.6,10.1,123,44,15,2,4951,1988
128,6384,BS,21,198808,2,3,0.00,8/16/1988 12:00:00 AM,0.5000,2.759,15.820,Y,1.910,[NULL],64.40883,64.39767,-164.61317,-164.66533,[NULL],31,31,0,11.8,9.9,135,44,15,2,4947,1988
128,6461,BS,21,198808,79,3,0.00,8/23/1988 1:00:00 AM,0.5000,3.000,15.860,Y,2.160,[NULL],64.50450,64.48433,-166.93483,-166.89400,[NULL],27,27,0,11.7,3.6,161,44,15,1,5352,1988
128,6395,BS,21,198808,13,3,0.00,8/18/1988 2:00:00 AM,0.5000,2.871,15.875,N,2.220,[NULL],63.84183,63.81400,-161.59000,-161.58783,[NULL],16,16,0,13.4,11.3,135,44,15,2,5068,1988
128,6419,BS,21,198808,37,3,0.00,8/19/1988 10:00:00 PM,0.4700,2.722,15.895,N,2.070,[NULL],63.81950,63.84383,-164.98467,-164.98300,[NULL],18,18,0,12.9,10.2,137,44,15,1,5092,1988
128,6429,BS,21,198808,47,3,0.00,8/20/1988 2:00:00 PM,0.5000,2.908,15.895,N,2.520,[NULL],63.51367,63.48750,-165.35783,-165.36133,[NULL],20,20,0,12.8,11.8,137,44,15,2,5211,1988
128,6438,BS,21,198808,56,3,0.00,8/21/1988 4:00:00 AM,0.5000,3.000,15.953,N,2.110,[NULL],64.31867,64.34467,-165.77433,-165.76450,[NULL],24,24,0,12.4,9.4,143,44,15,1,5220,1988
128,6389,BS,21,198808,7,3,0.00,8/17/1988 12:00:00 PM,0.5000,2.778,15.980,N,[NULL],[NULL],64.32633,64.32683,-163.43867,-163.38133,[NULL],20,20,0,13.3,12.2,146,44,15,1,4952,1988
128,6428,BS,21,198808,46,3,0.00,8/20/1988 1:00:00 PM,0.5000,2.908,15.980,N,2.730,[NULL],63.67417,63.64867,-165.36633,-165.37533,[NULL],20,20,0,14.4,12.2,146,44,15,2,5210,1988
128,6434,BS,21,198808,52,3,0.00,8/20/1988 10:00:00 PM,0.5000,2.982,16.071,N,[NULL],[NULL],63.65417,63.68067,-165.73983,-165.73367,[NULL],24,24,0,13.7,11.4,157,44,15,2,5216,1988
128,6447,BS,21,198808,65,3,0.00,8/21/1988 8:00:00 PM,0.5200,3.037,16.071,N,[NULL],[NULL],63.51067,63.48367,-166.10883,-166.10267,[NULL],27,27,0,11.3,5.7,157,44,15,2,5229,1988
128,6452,BS,21,198808,70,3,0.00,8/22/1988 5:00:00 AM,0.5000,2.889,16.101,N,2.220,[NULL],63.48867,63.51367,-166.48700,-166.47350,[NULL],27,27,0,8.0,5.3,161,44,15,2,5234,1988
128,6453,BS,21,198808,71,3,0.00,8/22/1988 6:00:00 AM,0.5000,2.982,16.101,N,2.000,[NULL],63.65667,63.67650,-166.52933,-166.48900,[NULL],29,29,0,8.9,3.9,161,44,15,2,5235,1988
128,6457,BS,21,198808,75,3,0.00,8/22/1988 3:00:00 PM,0.5000,2.852,16.130,N,2.230,[NULL],64.32433,64.34567,-166.56550,-166.59917,[NULL],29,29,0,10.4,3.9,165,44,15,2,5348,1988
128,6456,BS,21,198808,74,3,0.00,8/22/1988 1:00:00 PM,0.5000,2.908,16.130,N,2.340,[NULL],64.15683,64.17883,-166.55167,-166.58150,[NULL],29,29,0,9.6,4.4,165,44,15,2,5238,1988
128,6462,BS,21,198808,80,3,0.00,8/23/1988 3:00:00 AM,0.5000,2.963,16.176,N,2.060,[NULL],64.34583,64.32033,-166.92500,-166.91500,[NULL],31,31,0,9.7,3.4,172,44,15,2,5353,1988
128,6498,BS,21,198808,116,3,0.00,8/28/1988 5:00:00 PM,0.5000,2.908,16.468,N,1.860,[NULL],61.65533,61.67567,-173.09600,-173.06300,[NULL],70,70,0,8.7,-1.2,234,44,15,1,5496,1988
128,6383,BS,21,198808,1,3,6.00,8/16/1988 9:00:00 PM,0.5000,2.963,14.750,Y,2.960,[NULL],64.41300,64.40117,-165.00433,-164.94950,[NULL],18,18,0,13.5,10.5,91,44,15,1,4946,1988
128,6423,BS,21,198808,41,3,6.00,8/20/1988 5:00:00 AM,0.5000,2.852,14.790,Y,2.030,[NULL],64.41283,64.41150,-165.40483,-165.34717,[NULL],26,26,0,13.0,10.5,157,44,15,2,5096,1988
162,12257,BS,78,199101,94,3,0.00,7/6/1991 1:00:00 PM,0.5000,2.778,15.940,Y,1.890,[NULL],60.99400,60.96950,-168.68950,-168.69917,[NULL],35,35,0,[NULL],4.1,137,44,15,2,11125,1991
162,12318,BS,78,199101,155,3,0.00,7/28/1991 7:00:00 AM,0.5000,2.982,16.180,Y,2.300,[NULL],62.35033,62.36583,-173.16883,-173.21583,[NULL],71,71,0,9.6,-1.3,229,44,15,1,11461,1991
162,12256,BS,78,199101,93,3,0.00,7/6/1991 9:00:00 AM,0.5000,3.260,16.280,Y,1.830,[NULL],60.67467,60.68850,-168.01433,-168.06717,[NULL],27,27,0,7.5,6.7,137,44,15,1,11124,1991
162,12320,BS,78,199101,157,3,0.00,7/28/1991 2:00:00 PM,0.5000,2.815,17.450,Y,2.480,[NULL],62.35050,62.32567,-174.51583,-174.52700,[NULL],71,71,0,10.2,-1.6,274,44,15,2,11463,1991
162,12319,BS,78,199101,156,3,0.00,7/28/1991 10:00:00 AM,0.5000,2.889,18.400,Y,1.940,[NULL],62.65300,62.62950,-174.00050,-174.02450,[NULL],71,71,0,10.0,-1.5,274,44,15,1,11462,1991
-722,-18173,BS,94,201801,224,13,0.00,8/2/2018 11:09:34 AM,0.4800,2.682,15.884,Y,3.121,70,62.26311,62.23899,-169.66134,-169.65982,NBS-27,36,39,[NULL],10.9,2.8,137,44,15,1,-18173,2018
-722,-18174,BS,94,201801,225,13,0.00,8/2/2018 2:51:41 PM,0.4860,2.618,15.925,Y,3.053,70,61.76001,61.73663,-169.59335,-169.58732,NBS-28,40,43,[NULL],10.7,3.6,137,44,15,1,-18174,2018
-722,-18197,BS,94,201801,221,13,0.00,8/1/2018 2:38:51 PM,0.5120,2.717,15.959,Y,2.932,70,62.74098,62.76518,-170.89930,-170.89167,NBS-18,41,44,[NULL],10.2,1.4,183,44,15,1,-18197,2018
-722,-18175,BS,94,201801,226,13,0.00,8/2/2018 6:29:23 PM,0.4910,2.763,15.973,Y,3.000,70,61.25579,61.23095,-169.50437,-169.50198,NBS-29,38,42,[NULL],10.1,4.4,137,44,15,1,-18175,2018
-722,-18172,BS,94,201801,223,13,0.00,8/2/2018 7:25:36 AM,0.5000,2.795,16.642,Y,2.850,70,62.77532,62.75028,-169.72241,-169.72776,NBS-26,40,43,[NULL],10.3,2.8,183,44,15,2,-18172,2018
-722,-18196,BS,94,201801,220,13,0.00,8/1/2018 11:04:57 AM,0.5040,2.797,16.884,Y,2.938,70,62.23226,62.25730,-170.81739,-170.82298,NBS-19,42,45,[NULL],10.2,1.8,183,44,15,1,-18196,2018
-722,-18195,BS,94,201801,219,13,0.00,8/1/2018 7:30:45 AM,0.4960,2.828,17.124,Y,2.840,70,61.72340,61.74870,-170.75554,-170.76143,NBS-20,46,49,[NULL],10.5,3.6,183,44,15,1,-18195,2018
-723,-18208,BS,162,201801,219,13,0.00,8/10/2018 6:25:36 PM,0.4560,2.594,14.188,Y,2.858,70,64.24945,64.24851,-169.94654,-169.99987,NBS-24,36,39,[NULL],11.3,4.6,137,44,15,1,-18208,2018
-723,-18211,BS,162,201801,222,13,0.00,8/11/2018 2:51:25 PM,0.3810,2.139,15.358,Y,2.276,70,63.75308,63.75060,-169.96419,-169.92133,NBS-25,41,43,[NULL],10.0,9.0,183,44,15,1,-18211,2018
-723,-18217,BS,162,201801,228,13,0.00,8/13/2018 7:39:54 AM,0.5330,3.025,15.383,Y,2.984,70,62.76084,62.73363,-167.58103,-167.58271,NBS-46,21,24,[NULL],4.9,5.9,137,44,15,1,-18217,2018
-723,-18218,BS,162,201801,229,13,0.00,8/13/2018 11:17:08 AM,0.5340,2.983,15.421,Y,2.511,70,62.26211,62.23528,-167.54307,-167.54492,NBS-47,22,25,[NULL],11.2,7.1,137,44,15,1,-18218,2018
-723,-18220,BS,162,201801,231,13,0.00,8/13/2018 7:04:48 PM,0.5130,2.818,15.496,Y,2.297,70,61.78443,61.75923,-168.62122,-168.62699,NBS-37,32,34,[NULL],9.9,6.7,137,44,15,1,-18220,2018
-723,-18216,BS,162,201801,227,13,0.00,8/12/2018 5:59:43 PM,0.5060,2.839,15.545,Y,2.630,70,62.75991,62.73575,-168.66339,-168.68137,NBS-36,37,40,[NULL],10.0,4.3,137,44,15,2,-18216,2018
-723,-18221,BS,162,201801,232,13,0.00,8/14/2018 7:53:23 AM,0.5080,2.858,15.602,Y,2.276,70,61.27117,61.24606,-168.60603,-168.59459,NBS-38,31,33,[NULL],8.9,8.7,137,44,15,1,-18221,2018
-723,-18222,BS,162,201801,233,13,0.00,8/14/2018 11:31:34 AM,0.5070,2.863,15.602,Y,2.338,70,60.76255,60.73693,-168.53513,-168.52960,NBS-39,33,35,[NULL],9.6,9.6,137,44,15,1,-18222,2018
-723,-18219,BS,162,201801,230,13,0.00,8/13/2018 3:35:18 PM,0.5130,2.884,15.676,Y,2.512,70,62.26547,62.23956,-168.62546,-168.62842,NBS-35,30,33,[NULL],10.8,4.0,137,44,15,1,-18219,2018
-723,-18185,BS,162,201801,203,13,0.00,8/2/2018 6:19:03 PM,0.5220,2.843,15.861,Y,2.455,70,62.23029,62.25580,-171.90859,-171.91255,NBS-12,45,47,[NULL],10.2,2.7,183,44,15,2,-18185,2018
-723,-18188,BS,162,201801,206,13,0.00,8/3/2018 11:39:06 AM,0.5290,2.957,16.264,Y,2.303,70,63.24582,63.24515,-171.97250,-172.03116,NBS-10,56,58,[NULL],10.0,1.0,229,44,15,2,-18188,2018
-723,-18223,BS,162,201801,234,13,0.00,8/14/2018 3:44:01 PM,0.5030,2.820,16.579,Y,2.166,70,60.76415,60.73883,-169.48741,-169.48381,NBS-30,41,43,[NULL],8.5,5.6,183,44,15,1,-18223,2018
-723,-18189,BS,162,201801,207,13,0.00,8/3/2018 2:59:40 PM,0.5100,2.850,16.733,Y,2.255,70,62.81744,62.80051,-171.99411,-171.95223,NBS-11,50,52,[NULL],10.3,2.2,183,44,15,2,-18189,2018
-723,-18192,BS,162,201801,210,13,0.00,8/5/2018 7:40:40 AM,0.5240,2.882,16.799,Y,2.402,70,64.73641,64.75147,-170.06694,-170.01780,NBS-23,45,47,[NULL],11.0,3.1,183,44,15,2,-18192,2018
-723,-18209,BS,162,201801,220,13,1.12,8/11/2018 7:42:42 AM,0.2610,1.487,16.236,Y,2.574,70,63.75659,63.76795,-172.29498,-172.27911,NBS-9,49,52,[NULL],9.9,1.0,183,44,15,1,-18209,2018
-723,-18187,BS,162,201801,205,13,4.10,8/3/2018 8:54:06 AM,0.1800,1.024,15.666,Y,2.696,70,63.26249,63.25351,-171.11480,-171.11024,NBS-17,31,34,[NULL],10.6,2.2,137,44,15,1,-18187,2018
-723,-18210,BS,162,201801,221,13,0.00,8/11/2018 10:59:09 AM,0.2720,1.539,13.564,Y,2.832,71,63.86494,63.86912,-171.24650,-171.27626,NBS-16,23,26,[NULL],9.3,9.1,137,44,15,1,-18210,2018
-723,-18212,BS,162,201801,223,13,0.00,8/11/2018 6:19:13 PM,0.5180,2.833,13.883,Y,2.672,71,63.75038,63.75012,-168.83549,-168.77827,NBS-34,31,34,[NULL],11.0,6.4,137,44,15,1,-18212,2018
-723,-18191,BS,162,201801,209,13,0.00,8/4/2018 4:15:44 PM,0.3680,2.036,14.161,Y,2.730,71,64.23901,64.22648,-171.09090,-171.12146,NBS-15,37,40,[NULL],11.2,3.2,137,44,15,2,-18191,2018
-723,-18207,BS,162,201801,218,13,0.00,8/10/2018 2:44:45 PM,0.5120,2.797,14.197,Y,2.629,71,64.27223,64.24716,-168.81443,-168.80933,NBS-33,37,40,[NULL],11.5,6.1,137,44,15,1,-18207,2018
-723,-18204,BS,162,201801,215,13,0.00,8/9/2018 2:44:46 PM,0.5230,2.972,14.390,Y,2.827,71,64.25088,64.25192,-167.63656,-167.69766,NBS-43,29,32,[NULL],12.7,5.0,137,44,15,1,-18204,2018
-723,-18205,BS,162,201801,216,13,0.00,8/10/2018 7:37:53 AM,0.5030,2.824,14.580,Y,2.810,71,64.75445,64.75601,-167.78685,-167.84593,NBS-42,33,36,[NULL],11.2,4.8,137,44,15,1,-18205,2018
-723,-18194,BS,162,201801,212,13,0.00,8/5/2018 4:08:33 PM,0.5210,2.891,14.909,Y,3.117,71,65.25117,65.25401,-167.88670,-167.82532,NBS-41,30,33,[NULL],13.7,4.0,137,44,15,1,-18194,2018
-723,-18203,BS,162,201801,214,13,0.00,8/9/2018 11:22:06 AM,0.5300,2.984,15.186,Y,2.109,71,64.24987,64.27667,-166.59958,-166.60280,NBS-48,26,28,[NULL],12.9,3.8,137,44,15,1,-18203,2018
-723,-18202,BS,162,201801,213,13,0.00,8/9/2018 7:48:09 AM,0.5180,2.845,15.404,Y,2.345,71,63.73008,63.75568,-166.59452,-166.59578,NBS-49,27,29,[NULL],12.4,4.3,137,44,15,1,-18202,2018
-723,-18214,BS,162,201801,225,13,0.00,8/12/2018 11:28:46 AM,0.5080,2.819,15.479,Y,2.432,71,63.25763,63.24396,-167.61765,-167.66480,NBS-45,34,36,[NULL],11.2,4.9,137,44,15,2,-18214,2018
-723,-18213,BS,162,201801,224,13,0.00,8/12/2018 7:33:07 AM,0.5070,2.829,15.482,Y,2.453,71,63.77148,63.75042,-167.66989,-167.63773,NBS-44,29,31,[NULL],11.2,4.6,137,44,15,1,-18213,2018
-723,-18193,BS,162,201801,211,13,0.00,8/5/2018 12:34:44 PM,0.5130,2.854,16.251,Y,2.434,71,65.23351,65.25064,-168.98825,-168.94287,NBS-31,49,51,[NULL],8.3,2.9,183,44,15,2,-18193,2018
-723,-18206,BS,162,201801,217,13,1.12,8/10/2018 11:30:08 AM,0.2710,1.499,15.552,Y,2.640,71,64.74443,64.73118,-168.87759,-168.87178,NBS-32,44,47,[NULL],11.7,4.1,183,44,15,1,-18206,2018
-723,-18215,BS,162,201801,226,13,1.12,8/12/2018 2:50:36 PM,0.2250,1.409,15.966,Y,2.695,71,63.24092,63.22844,-168.54551,-168.55050,NBS-40,29,32,[NULL],9.8,3.0,137,44,15,1,-18215,2018
-722,-18176,BS,94,201801,227,13,0.00,8/3/2018 7:27:12 AM,0.4960,2.667,16.442,Y,2.902,81,61.25222,61.22825,-170.65469,-170.65674,NBS-21,45,48,[NULL],9.7,3.3,183,44,15,2,-18176,2018
-722,-18177,BS,94,201801,228,13,0.00,8/3/2018 11:01:57 AM,0.4950,2.669,16.658,Y,2.972,81,60.76125,60.73726,-170.58796,-170.59022,NBS-22,50,53,[NULL],9.8,4.2,183,44,15,1,-18177,2018
-722,-18144,BS,94,201801,217,13,0.00,7/31/2018 2:34:09 PM,0.4990,2.657,17.691,Y,2.796,81,61.25117,61.25116,-172.73427,-172.68491,NBS-8,63,66,[NULL],9.8,4.2,229,44,15,1,-18144,2018
-722,-18145,BS,94,201801,218,13,0.00,7/31/2018 6:24:22 PM,0.5030,2.697,17.755,Y,2.748,81,61.25612,61.24018,-171.77692,-171.73911,NBS-14,55,58,[NULL],9.6,2.8,229,44,15,1,-18145,2018
-723,-18182,BS,162,201801,200,13,0.00,8/2/2018 7:39:51 AM,0.5270,2.900,16.379,Y,2.291,81,62.26327,62.23719,-172.91771,-172.91619,NBS-6,55,57,[NULL],9.8,2.0,229,44,15,2,-18182,2018
-723,-18184,BS,162,201801,202,13,0.00,8/2/2018 2:36:11 PM,0.5260,2.906,16.402,Y,2.299,81,61.75080,61.75340,-171.84866,-171.79409,NBS-13,54,56,[NULL],10.3,2.6,229,44,15,1,-18184,2018
-723,-18183,BS,162,201801,201,13,0.00,8/2/2018 11:07:39 AM,0.5140,2.841,16.407,Y,2.358,81,61.76376,61.73840,-172.80320,-172.79657,NBS-7,60,62,[NULL],9.9,2.6,229,44,15,1,-18183,2018
-723,-18190,BS,162,201801,208,13,0.00,8/4/2018 7:41:38 AM,0.5130,2.801,16.715,Y,2.261,81,63.24156,63.26677,-173.11936,-173.12022,NBS-4,66,68,[NULL],10.3,0.7,229,44,15,1,-18190,2018
-723,-18179,BS,162,201801,197,13,0.00,8/1/2018 11:37:59 AM,0.5190,2.856,16.777,Y,2.271,81,62.24920,62.25143,-174.01861,-173.96402,NBS-3,62,64,[NULL],9.4,1.9,229,44,15,2,-18179,2018
-723,-18181,BS,162,201801,199,13,0.00,8/1/2018 6:44:39 PM,0.5240,2.928,16.810,Y,2.193,81,62.73719,62.71084,-173.08720,-173.08717,NBS-5,62,64,[NULL],9.8,1.2,229,44,15,1,-18181,2018
-723,-18178,BS,162,201801,196,13,0.00,8/1/2018 7:38:28 AM,0.5180,2.798,16.986,Y,2.352,81,62.24431,62.24488,-175.21994,-175.16629,NBS-1,76,78,[NULL],9.1,1.4,274,44,15,1,-18178,2018
-723,-18180,BS,162,201801,198,13,0.00,8/1/2018 3:11:20 PM,0.5090,2.817,17.309,Y,2.124,81,62.73051,62.75566,-174.07743,-174.08422,NBS-2,69,71,[NULL],9.6,1.7,229,44,15,1,-18180,2018
1414142,11415,BS,60,198502,300,3,0.00,10/5/1985 6:00:00 PM,0.5000,2.741,16.313,N,[NULL],81,61.66300,61.67117,-173.09867,-173.04900,U-24,64,64,0,5.5,-0.8,229,39,15,1,11669,1985
128,6431,BS,21,198808,49,3,6.00,8/20/1988 5:00:00 PM,0.3000,1.759,15.550,Y,2.480,70,63.16667,63.16633,-165.70200,-165.73650,[NULL],24,24,0,12.9,10.3,146,44,15,2,5213,1988
128,6450,BS,21,198808,68,3,0.00,8/22/1988 1:00:00 AM,0.5000,2.908,16.032,N,[NULL],70,63.14983,63.17533,-166.43667,-166.44133,[NULL],24,24,0,9.9,7.6,152,44,15,2,5232,1988
128,6468,BS,21,198808,86,3,0.00,8/23/1988 5:00:00 PM,0.5000,2.982,15.150,Y,2.230,70,62.99283,63.01900,-167.52150,-167.51433,[NULL],35,35,0,10.1,1.7,179,44,15,2,5359,1988
128,6469,BS,21,198808,87,3,0.00,8/23/1988 9:00:00 PM,0.5000,2.834,16.130,N,2.120,70,62.67767,62.66717,-166.83717,-166.78483,[NULL],29,29,0,11.1,10.0,165,44,15,1,5360,1988
128,6470,BS,21,198808,88,3,0.00,8/24/1988 1:00:00 AM,0.5000,2.815,16.130,N,2.270,70,62.33533,62.34083,-167.43183,-167.48400,[NULL],27,27,0,10.2,3.9,165,44,15,1,5361,1988
128,6471,BS,21,198808,89,3,0.00,8/24/1988 4:00:00 AM,0.5000,2.852,14.090,Y,2.530,70,62.01333,61.98867,-166.89233,-166.90183,[NULL],26,26,0,11.5,10.9,157,44,15,1,5362,1988
128,6472,BS,21,198808,90,3,0.00,8/24/1988 7:00:00 AM,0.5000,2.926,14.150,Y,2.230,70,61.67950,61.65400,-167.43583,-167.43183,[NULL],26,26,0,10.7,10.4,157,44,15,1,5363,1988
128,6473,BS,21,198808,91,3,0.00,8/24/1988 11:00:00 AM,0.5000,2.704,15.240,Y,[NULL],70,61.34317,61.31900,-166.91667,-166.91067,[NULL],20,20,0,11.6,11.6,143,44,15,1,5364,1988
128,6474,BS,21,198808,92,3,0.00,8/25/1988 10:00:00 AM,0.5000,3.074,14.650,Y,2.260,70,60.65967,60.68217,-166.58767,-166.61900,[NULL],20,20,0,11.2,11.0,143,44,15,1,5365,1988
128,6475,BS,21,198808,93,3,0.00,8/25/1988 2:00:00 PM,0.5000,2.871,15.710,Y,1.940,70,60.68017,60.65533,-168.01217,-168.02483,[NULL],29,29,0,9.7,9.5,165,44,15,1,5366,1988
128,6476,BS,21,198808,94,3,0.00,8/25/1988 6:00:00 PM,0.5000,2.871,15.620,Y,1.920,70,61.01500,60.99083,-168.75450,-168.73683,[NULL],38,38,0,8.7,8.5,179,44,15,2,5367,1988
128,6477,BS,21,198808,95,3,0.00,8/25/1988 9:00:00 PM,0.5000,2.908,15.100,Y,2.100,70,61.32100,61.34700,-169.47950,-169.46900,[NULL],42,42,0,8.6,7.2,187,44,15,2,5368,1988
128,6478,BS,21,198808,96,3,0.00,8/25/1988 12:00:00 AM,0.5000,2.815,15.940,Y,2.100,70,61.65967,61.67867,-170.19917,-170.23317,[NULL],48,48,0,8.8,2.1,194,44,15,2,5369,1988
128,6479,BS,21,198808,97,3,0.00,8/26/1988 3:00:00 AM,0.5000,2.852,16.291,N,2.060,70,61.99383,62.01100,-169.58250,-169.54167,[NULL],44,44,0,8.6,4.5,192,44,15,1,5370,1988
128,6480,BS,21,198808,98,3,0.00,8/26/1988 6:00:00 AM,0.5000,3.019,15.770,Y,2.060,70,62.32567,62.34717,-170.26550,-170.30133,[NULL],42,42,0,8.9,0.7,187,44,15,2,5371,1988
128,6481,BS,21,198808,99,3,0.00,8/26/1988 9:00:00 AM,0.5000,3.167,16.242,N,2.200,70,62.65767,62.67500,-169.63083,-169.58267,[NULL],42,42,0,9.1,0.7,183,44,15,1,5372,1988
128,6482,BS,21,198808,100,3,0.00,8/26/1988 1:00:00 PM,0.5000,2.908,16.242,N,[NULL],70,62.93083,62.95067,-170.53200,-170.49617,[NULL],44,44,0,8.1,-0.9,183,44,15,2,5373,1988
128,6483,BS,21,198808,101,3,0.00,8/26/1988 4:00:00 PM,0.5000,3.000,16.301,N,2.090,70,62.67667,62.65133,-170.98483,-170.97017,[NULL],48,48,0,8.6,-1.0,194,44,15,2,5374,1988
128,6484,BS,21,198808,102,3,0.00,8/26/1988 7:00:00 PM,0.5000,2.889,16.301,N,2.170,70,62.98950,63.01000,-171.76233,-171.79683,[NULL],57,57,0,8.3,-1.3,194,44,15,1,5375,1988
128,6485,BS,21,198808,103,3,0.00,8/26/1988 10:00:00 PM,0.5000,2.982,16.428,N,1.990,81,63.32517,63.34367,-172.54500,-172.58683,[NULL],66,66,0,7.7,-1.4,223,44,15,2,5376,1988
128,6486,BS,21,198808,104,3,0.00,8/27/1988 2:00:00 AM,0.5000,2.778,16.468,N,2.060,81,63.01933,62.99600,-173.28650,-173.30183,[NULL],71,71,0,7.7,-1.5,234,44,15,1,5377,1988
128,6491,BS,21,198808,109,3,0.00,8/27/1988 7:00:00 PM,0.5000,2.871,16.461,N,2.180,81,62.34250,62.32667,-174.58517,-174.54083,[NULL],75,75,0,8.1,-1.6,232,44,15,2,5489,1988
128,6492,BS,21,198808,110,3,0.00,8/27/1988 9:00:00 PM,0.5000,2.797,16.481,N,1.980,81,62.67183,62.65667,-173.93750,-173.89233,[NULL],73,73,0,7.8,-1.5,238,44,15,1,5490,1988
128,6493,BS,21,198808,111,3,0.00,8/28/1988 2:00:00 AM,0.5000,3.278,16.371,N,1.990,81,62.66667,62.65817,-172.44500,-172.38550,[NULL],57,57,0,8.6,-1.6,209,44,15,2,5491,1988
128,6494,BS,21,198808,112,3,0.00,8/28/1988 5:00:00 AM,0.5000,3.111,16.400,N,2.070,81,62.33800,62.32450,-173.12633,-173.17783,[NULL],62,62,0,8.7,-1.6,216,44,15,2,5492,1988
128,6499,BS,21,198808,117,3,0.00,8/28/1988 8:00:00 PM,0.5000,2.945,16.371,N,2.020,81,61.99000,62.01167,-172.38250,-172.35017,[NULL],59,59,0,8.9,-1.3,209,44,15,2,5497,1988
128,6500,BS,21,198808,118,3,0.00,8/28/1988 11:00:00 PM,0.5000,3.019,16.321,N,2.350,70,62.32100,62.33800,-171.71083,-171.66667,[NULL],49,49,0,9.0,-1.1,198,44,15,1,5498,1988
128,6501,BS,21,198808,119,3,0.00,8/29/1988 2:00:00 AM,0.5000,2.815,16.321,N,2.170,70,61.98450,62.00233,-170.97033,-170.93300,[NULL],51,51,0,9.1,1.4,198,44,15,2,5499,1988
128,6502,BS,21,198808,120,3,0.00,8/29/1988 5:00:00 AM,0.5000,3.222,16.353,N,2.160,81,61.67167,61.64617,-171.54100,-171.57067,[NULL],59,59,0,8.9,-0.6,205,44,15,2,5500,1988
128,6503,BS,21,198808,121,3,0.00,8/29/1988 8:00:00 AM,0.5000,2.926,16.428,N,1.880,81,61.31817,61.33967,-172.19783,-172.22917,[NULL],66,66,0,8.7,-0.2,223,44,15,2,5501,1988
128,6504,BS,21,198808,122,3,0.00,8/29/1988 1:00:00 PM,0.5000,2.871,16.321,N,1.990,81,61.32283,61.34783,-170.81950,-170.81100,[NULL],51,51,0,8.1,0.6,198,44,15,2,5502,1988
128,6505,BS,21,198808,123,3,0.00,8/29/1988 4:00:00 PM,0.5000,2.926,16.321,N,[NULL],70,60.98583,61.01183,-170.02367,-170.02083,[NULL],49,49,0,8.7,2.5,198,44,15,2,5503,1988
128,6506,BS,21,198808,124,3,0.00,8/29/1988 9:00:00 PM,0.5000,2.926,16.242,N,2.060,70,61.65533,61.68100,-168.82867,-168.82100,[NULL],37,37,0,9.1,7.0,183,44,15,2,5504,1988
128,6507,BS,21,198808,125,3,0.00,8/30/1988 1:00:00 AM,0.5000,3.260,16.176,N,1.910,70,61.32417,61.33933,-168.15583,-168.10483,[NULL],31,31,0,9.2,9.5,172,44,15,2,5505,1988
128,6508,BS,21,198808,126,3,0.00,8/30/1988 6:00:00 AM,0.5000,2.815,16.265,N,1.990,70,60.65417,60.67917,-169.38117,-169.39333,[NULL],44,44,0,8.2,5.0,187,44,15,2,5506,1988
128,6509,BS,21,198808,127,3,0.00,8/30/1988 10:00:00 AM,0.5000,2.648,16.371,N,[NULL],81,60.65817,60.68833,-170.71967,-170.71550,[NULL],60,60,0,8.5,1.0,209,44,15,2,5507,1988
120,5885,BS,21,198202,2,3,0.00,9/1/1982 1:00:00 PM,0.5000,2.815,[NULL],[NULL],[NULL],70,61.01050,60.98583,-166.66733,-166.65667,[NULL],13,13,0,11.2,11.0,132,30,5,7,5043,1982
120,5886,BS,21,198202,3,3,0.00,9/1/1982 6:00:00 PM,0.5000,2.834,[NULL],[NULL],[NULL],70,60.99933,61.00033,-168.02117,-168.07200,[NULL],26,26,0,9.3,9.1,146,30,5,7,5044,1982
120,5887,BS,21,198202,4,3,0.00,9/1/1982 10:00:00 PM,0.5000,2.741,[NULL],[NULL],[NULL],70,60.99917,60.99783,-169.39517,-169.44600,[NULL],38,38,0,[NULL],[NULL],183,30,5,7,5045,1982
120,5888,BS,21,198202,5,3,0.00,9/2/1982 2:00:00 AM,0.5000,2.815,[NULL],[NULL],[NULL],81,60.99783,60.99883,-170.78600,-170.83767,[NULL],51,51,0,7.8,1.5,214,30,5,7,5046,1982
120,5892,BS,21,198202,9,3,0.00,9/2/1982 7:00:00 PM,0.5000,2.722,[NULL],[NULL],[NULL],81,62.32367,62.34783,-174.59617,-174.59867,[NULL],70,70,0,7.6,4.0,234,30,5,7,5050,1982
120,5894,BS,21,198202,11,3,0.00,9/3/1982 6:00:00 AM,0.5000,2.852,[NULL],[NULL],[NULL],81,63.66400,63.64167,-172.71800,-172.69183,[NULL],51,51,0,7.8,1.2,198,30,5,7,5052,1982
120,5895,BS,21,198202,12,3,0.00,9/3/1982 12:00:00 PM,0.5000,2.722,[NULL],[NULL],[NULL],81,63.01250,62.99500,-173.27200,-173.23467,[NULL],66,66,0,7.8,-1.5,234,30,5,7,5053,1982
120,5896,BS,21,198202,13,3,0.00,9/3/1982 5:00:00 PM,0.5000,3.167,[NULL],[NULL],[NULL],81,62.34900,62.32850,-173.18700,-173.14867,[NULL],57,57,0,8.2,-1.4,205,30,5,7,5054,1982
120,5897,BS,21,198202,14,3,0.00,9/3/1982 10:00:00 PM,0.5000,2.834,[NULL],[NULL],[NULL],70,62.35250,62.33617,-171.73233,-171.69017,[NULL],44,44,0,8.6,-1.0,194,30,5,7,5055,1982
120,5898,BS,21,198202,15,3,0.00,9/4/1982 3:00:00 AM,0.5000,3.260,[NULL],[NULL],[NULL],70,63.00767,62.97883,-171.79850,-171.79733,[NULL],49,49,0,8.3,-1.3,201,30,5,7,5056,1982
120,5900,BS,21,198202,17,3,0.00,9/4/1982 2:00:00 PM,0.5000,2.871,[NULL],[NULL],[NULL],70,62.34633,62.32133,-170.29067,-170.28917,[NULL],37,37,0,8.4,-1.0,181,30,5,7,5058,1982
120,5901,BS,21,198202,18,3,0.00,9/4/1982 6:00:00 PM,0.5000,2.945,[NULL],[NULL],[NULL],70,62.34250,62.31650,-168.86317,-168.85083,[NULL],31,31,0,8.8,0.5,168,30,5,7,5059,1982
120,5902,BS,21,198202,19,3,0.00,9/4/1982 11:00:00 PM,0.5000,2.685,[NULL],[NULL],[NULL],70,62.94233,62.92217,-168.97833,-169.00867,[NULL],24,24,0,7.5,-0.6,146,30,5,7,5060,1982
120,5903,BS,21,198202,20,3,0.00,9/5/1982 2:00:00 PM,0.5000,2.908,[NULL],[NULL],[NULL],0,64.48133,64.47200,-165.87000,-165.81467,[NULL],15,15,0,12.3,11.8,91,30,5,7,5061,1982
120,5904,BS,21,198202,21,3,0.00,9/5/1982 4:00:00 PM,0.5000,2.871,[NULL],[NULL],[NULL],0,64.33433,64.31700,-166.17367,-166.22017,[NULL],22,22,0,9.6,9.6,134,30,5,7,5062,1982
120,5905,BS,21,198202,22,3,0.00,9/5/1982 7:00:00 PM,0.5000,2.722,[NULL],[NULL],[NULL],0,64.33300,64.32950,-165.76167,-165.70583,[NULL],18,18,0,13.6,9.9,110,30,5,7,5063,1982
120,5906,BS,21,198202,23,3,0.00,9/5/1982 8:00:00 PM,0.5000,2.889,[NULL],[NULL],[NULL],0,64.33267,64.32450,-165.44417,-165.38967,[NULL],20,20,0,10.3,9.0,123,30,5,7,5064,1982
120,5907,BS,21,198202,24,3,0.00,9/5/1982 11:00:00 PM,0.5000,2.852,[NULL],[NULL],[NULL],0,64.33567,64.31117,-164.97683,-164.99467,[NULL],24,24,0,9.7,8.4,168,30,5,7,5065,1982
120,5908,BS,21,198202,25,3,0.00,9/6/1982 1:00:00 AM,0.5000,2.982,[NULL],[NULL],[NULL],0,64.31033,64.31750,-164.69417,-164.63583,[NULL],11,11,0,11.5,9.2,91,30,5,7,5066,1982
120,5909,BS,21,198202,26,3,0.00,9/6/1982 3:00:00 AM,0.5000,3.204,[NULL],[NULL],[NULL],0,64.32083,64.32917,-164.22167,-164.16400,[NULL],11,11,0,11.7,8.8,91,30,5,7,5067,1982
120,5910,BS,21,198202,27,3,0.00,9/6/1982 6:00:00 AM,0.5000,2.778,[NULL],[NULL],[NULL],0,64.48017,64.48717,-164.29967,-164.23450,[NULL],16,16,0,12.1,8.4,101,30,5,7,5175,1982
120,5911,BS,21,198202,28,3,0.00,9/6/1982 7:00:00 AM,0.5000,3.056,[NULL],[NULL],[NULL],0,64.49217,64.49600,-163.87233,-163.80967,[NULL],13,13,0,12.5,12.5,91,30,5,7,5176,1982
120,5912,BS,21,198202,29,3,0.00,9/6/1982 9:00:00 AM,0.5000,3.000,[NULL],[NULL],[NULL],0,64.33017,64.35483,-163.79467,-163.77517,[NULL],13,13,0,12.8,8.5,91,30,5,7,5177,1982
120,5913,BS,21,198202,30,3,0.00,9/6/1982 11:00:00 AM,0.5000,3.056,[NULL],[NULL],[NULL],0,64.34100,64.36383,-163.55267,-163.52317,[NULL],15,15,0,13.0,8.7,101,30,5,7,5178,1982
120,5914,BS,21,198202,31,3,0.00,9/6/1982 2:00:00 PM,0.5000,3.037,[NULL],[NULL],[NULL],0,64.14967,64.17217,-163.52300,-163.55817,[NULL],15,15,0,12.7,8.3,101,30,5,7,5179,1982
120,5915,BS,21,198202,32,3,0.00,9/6/1982 5:00:00 PM,0.5000,2.871,[NULL],[NULL],[NULL],0,64.14883,64.14367,-163.07267,-163.01600,[NULL],22,22,0,12.4,5.7,128,30,5,7,5180,1982
120,5916,BS,21,198202,33,3,0.00,9/6/1982 8:00:00 PM,0.5000,2.926,[NULL],[NULL],[NULL],0,64.14100,64.16417,-162.26183,-162.23983,[NULL],13,13,0,13.0,4.9,91,30,5,7,5181,1982
120,5917,BS,21,198202,34,3,0.00,9/6/1982 10:00:00 PM,0.5000,2.908,[NULL],[NULL],[NULL],0,64.29800,64.32117,-162.31017,-162.28600,[NULL],13,13,0,12.8,6.4,91,30,5,7,5182,1982
120,5918,BS,21,198202,35,3,0.00,9/6/1982 11:00:00 PM,0.5000,2.982,[NULL],[NULL],[NULL],0,64.46867,64.49383,-162.35633,-162.35017,[NULL],9,9,0,13.3,12.8,91,30,5,7,5183,1982
120,5919,BS,21,198202,36,3,0.00,9/7/1982 2:00:00 AM,0.5000,3.056,[NULL],[NULL],[NULL],0,64.31750,64.29250,-161.62500,-161.61817,[NULL],11,11,0,12.7,6.0,91,30,5,7,5184,1982
120,5920,BS,21,198202,37,3,0.00,9/7/1982 4:00:00 AM,0.5000,2.722,[NULL],[NULL],[NULL],0,64.17150,64.14867,-161.51867,-161.54400,[NULL],13,13,0,12.9,8.7,91,30,5,7,5185,1982
120,5921,BS,21,198202,38,3,0.00,9/7/1982 6:00:00 AM,0.5000,2.982,[NULL],[NULL],[NULL],0,63.97717,63.95583,-161.57617,-161.60617,[NULL],13,13,0,12.6,3.0,91,30,5,7,5186,1982
120,5922,BS,21,198202,39,3,0.00,9/7/1982 8:00:00 AM,0.5000,2.982,[NULL],[NULL],[NULL],0,63.78733,63.81100,-161.58533,-161.56100,[NULL],9,9,0,11.8,4.3,91,30,5,7,5187,1982
120,5925,BS,21,198202,42,3,0.00,9/7/1982 5:00:00 PM,0.5000,2.945,[NULL],[NULL],[NULL],0,64.00567,64.02867,-163.04950,-163.07283,[NULL],15,15,0,11.6,6.3,91,30,5,7,5190,1982
120,5926,BS,21,198202,43,3,0.00,9/7/1982 7:00:00 PM,0.5000,2.815,[NULL],[NULL],[NULL],0,63.82983,63.85400,-163.13033,-163.12917,[NULL],13,13,0,11.2,7.7,91,30,5,7,5191,1982
120,5927,BS,21,198202,44,3,0.00,9/7/1982 10:00:00 PM,0.5000,2.741,[NULL],[NULL],[NULL],0,63.65517,63.67933,-163.06183,-163.06867,[NULL],11,11,0,10.3,9.8,91,30,5,7,5192,1982
120,5928,BS,21,198202,45,3,0.00,9/7/1982 12:00:00 AM,0.5000,3.019,[NULL],[NULL],[NULL],0,63.83450,63.85767,-163.46300,-163.46400,[NULL],13,13,0,11.0,9.8,91,30,5,7,5193,1982
120,5929,BS,21,198202,46,3,0.00,9/8/1982 2:00:00 AM,0.5000,3.167,[NULL],[NULL],[NULL],0,64.00017,64.02650,-163.41133,-163.39467,[NULL],16,16,0,11.5,8.3,106,30,5,7,5194,1982
120,5930,BS,21,198202,47,3,0.00,9/8/1982 4:00:00 AM,0.5000,2.982,[NULL],[NULL],[NULL],0,64.19583,64.22067,-163.83683,-163.85183,[NULL],15,15,0,11.9,8.8,110,30,5,7,5195,1982
120,5931,BS,21,198202,48,3,0.00,9/8/1982 7:00:00 AM,0.5000,2.945,[NULL],[NULL],[NULL],0,64.16533,64.19100,-164.23450,-164.23833,[NULL],15,15,0,11.7,11.5,110,30,5,7,5196,1982
120,5932,BS,21,198202,49,3,0.00,9/8/1982 10:00:00 AM,0.5000,2.963,[NULL],[NULL],[NULL],0,64.15867,64.18483,-164.59817,-164.59667,[NULL],13,13,0,10.9,9.9,91,30,5,7,5197,1982
120,5933,BS,21,198202,50,3,0.00,9/8/1982 12:00:00 PM,0.5000,2.945,[NULL],[NULL],[NULL],0,64.15033,64.16500,-164.96950,-165.01917,[NULL],13,13,0,10.3,10.2,106,30,5,7,5198,1982
120,5934,BS,21,198202,51,3,0.00,9/8/1982 1:00:00 PM,0.5000,2.871,[NULL],[NULL],[NULL],0,64.14883,64.14367,-165.33967,-165.39683,[NULL],13,13,0,9.7,8.3,106,30,5,7,5199,1982
120,5935,BS,21,198202,52,3,0.00,9/8/1982 3:00:00 PM,0.5000,2.834,[NULL],[NULL],[NULL],0,64.14050,64.15917,-165.72000,-165.75733,[NULL],15,15,0,9.7,8.7,110,30,5,7,5200,1982
120,5936,BS,21,198202,53,3,0.00,9/8/1982 5:00:00 PM,0.5000,2.871,[NULL],[NULL],[NULL],0,64.18600,64.20967,-166.13733,-166.15983,[NULL],18,18,0,10.2,6.7,137,30,5,7,5201,1982
120,5937,BS,21,198202,54,3,0.00,9/8/1982 8:00:00 PM,0.5000,2.778,[NULL],[NULL],[NULL],0,64.02567,64.04767,-166.18600,-166.20867,[NULL],20,20,0,10.2,4.0,137,30,5,7,5202,1982
120,5938,BS,21,198202,55,3,0.00,9/8/1982 11:00:00 PM,0.5000,2.815,[NULL],[NULL],[NULL],0,63.98117,64.00483,-165.64833,-165.66300,[NULL],15,15,0,8.6,6.9,137,30,5,7,5203,1982
120,5939,BS,21,198202,56,3,0.00,9/9/1982 1:00:00 AM,0.5000,2.852,[NULL],[NULL],[NULL],0,63.98283,64.00717,-165.27417,-165.27283,[NULL],13,13,0,9.3,6.7,123,30,5,7,5204,1982
120,5940,BS,21,198202,57,3,0.00,9/9/1982 3:00:00 AM,0.5000,2.852,[NULL],[NULL],[NULL],0,63.98850,64.01317,-164.97350,-164.97317,[NULL],13,13,0,9.9,9.8,123,30,5,7,5205,1982
120,5941,BS,21,198202,58,0,0.00,9/9/1982 5:00:00 AM,0.5000,2.852,[NULL],[NULL],[NULL],0,63.97800,64.00117,-164.63050,-164.64883,[NULL],15,15,0,10.2,10.2,124,30,5,7,5206,1982
120,5942,BS,21,198202,59,0,0.00,9/9/1982 7:00:00 AM,0.5000,2.889,[NULL],[NULL],[NULL],0,64.00283,64.02283,-164.29017,-164.32717,[NULL],15,15,0,10.7,10.2,123,30,5,7,5207,1982
120,5943,BS,21,198202,60,0,0.00,9/9/1982 10:00:00 AM,0.5000,2.852,[NULL],[NULL],[NULL],0,63.99400,64.01433,-163.81517,-163.84650,[NULL],15,15,0,11.3,10.0,137,30,5,7,5315,1982
120,5944,BS,21,198202,61,0,0.00,9/9/1982 12:00:00 PM,0.5000,2.852,[NULL],[NULL],[NULL],0,63.84783,63.86650,-163.84933,-163.88533,[NULL],13,13,0,10.5,10.3,123,30,5,7,5316,1982
120,5945,BS,21,198202,62,0,0.00,9/9/1982 2:00:00 PM,0.5000,2.889,[NULL],[NULL],[NULL],0,63.78567,63.80917,-164.21300,-164.23300,[NULL],13,13,0,10.0,10.6,123,30,5,7,5317,1982
120,5946,BS,21,198202,63,0,0.00,9/9/1982 4:00:00 PM,0.5000,2.926,[NULL],[NULL],[NULL],0,63.81183,63.83633,-164.62767,-164.61200,[NULL],13,13,0,10.0,10.4,123,30,5,7,5318,1982
120,5947,BS,21,198202,64,0,0.00,9/9/1982 6:00:00 PM,0.5000,2.889,[NULL],[NULL],[NULL],0,63.83883,63.86367,-165.02483,-165.01067,[NULL],13,13,0,9.4,6.5,123,30,5,7,5319,1982
120,5948,BS,21,198202,65,0,0.00,9/9/1982 8:00:00 PM,0.5000,2.982,[NULL],[NULL],[NULL],0,63.81750,63.82883,-165.32917,-165.26967,[NULL],15,15,0,8.6,8.0,137,30,5,7,5320,1982
120,5949,BS,21,198202,66,0,0.00,9/9/1982 10:00:00 PM,0.5000,2.834,[NULL],[NULL],[NULL],0,63.82400,63.81100,-165.65433,-165.70500,[NULL],16,16,0,8.9,4.6,143,30,5,7,5321,1982
120,5950,BS,21,198202,67,0,0.00,9/9/1982 12:00:00 AM,0.5000,2.815,[NULL],[NULL],[NULL],0,63.82617,63.85050,-166.08617,-166.09200,[NULL],22,22,0,8.9,4.7,168,30,5,7,5322,1982
120,5951,BS,21,198202,68,0,0.00,9/10/1982 2:00:00 AM,0.5000,2.759,[NULL],[NULL],[NULL],0,63.75533,63.77950,-166.53650,-166.53983,[NULL],27,27,0,6.0,4.3,168,30,5,7,5323,1982
120,5952,BS,21,198202,69,0,0.00,9/10/1982 4:00:00 AM,0.5000,2.815,[NULL],[NULL],[NULL],0,63.63367,63.65783,-166.02100,-166.00983,[NULL],22,22,0,9.4,8.3,137,30,5,7,5324,1982
120,5953,BS,21,198202,70,0,0.00,9/10/1982 7:00:00 AM,0.5000,2.815,[NULL],[NULL],[NULL],0,63.47533,63.48967,-166.45583,-166.50750,[NULL],22,22,0,4.5,1.7,143,30,5,7,5325,1982
120,5954,BS,21,198202,71,0,0.00,9/10/1982 9:00:00 AM,0.5000,2.908,[NULL],[NULL],[NULL],0,63.48783,63.50183,-167.07217,-167.12450,[NULL],22,22,0,7.4,5.2,144,30,5,7,5326,1982
120,5955,BS,21,198202,72,0,0.00,9/10/1982 11:00:00 AM,0.5000,2.945,[NULL],[NULL],[NULL],0,63.73767,63.74433,-167.10200,-167.15683,[NULL],27,27,0,8.2,4.3,168,30,5,7,5327,1982
120,5956,BS,21,198202,73,0,0.00,9/10/1982 2:00:00 PM,0.5000,3.000,[NULL],[NULL],[NULL],0,64.00850,64.03450,-167.17267,-167.15967,[NULL],29,29,0,7.3,4.2,168,30,5,7,5328,1982
120,5957,BS,21,198202,74,0,0.00,9/10/1982 4:00:00 PM,0.5000,2.908,[NULL],[NULL],[NULL],0,63.99483,64.01783,-166.61350,-166.60267,[NULL],27,27,0,8.5,2.3,168,30,5,7,5329,1982
120,5958,BS,21,198202,75,0,0.00,9/10/1982 6:00:00 PM,0.5000,3.111,[NULL],[NULL],[NULL],0,64.24467,64.26600,-166.61467,-166.57717,[NULL],24,24,0,8.2,5.0,168,30,5,7,5330,1982
120,5959,BS,21,198202,76,0,0.00,9/10/1982 9:00:00 PM,0.5000,2.834,[NULL],[NULL],[NULL],0,64.25400,64.25267,-167.11333,-167.16650,[NULL],26,26,0,4.3,4.1,168,30,5,7,5331,1982
120,5960,BS,21,198202,77,0,0.00,9/11/1982 1:00:00 AM,0.5000,2.889,[NULL],[NULL],[NULL],0,64.50400,64.50600,-166.67383,-166.73200,[NULL],22,22,0,7.3,4.7,152,30,5,7,5332,1982
